slot_id,biography_id,biography_traditional
0,127,"南蠻王孟獲麾下之將，第三洞元帥。與蜀
漢軍作戰，被俘虜後又被釋放，當再次出
戰時，被唾罵不知羞恥，面紅耳赤的退兵
。"
1,505,"吳臣。因為文才優秀，得到孫皓重用，但
後來由於有反抗的表現，而被處死。在正
史當中，為了忌諱晉文帝司馬昭之名，因
此記載為「韋曜」。"
2,31,"蜀漢之臣。原是劉表的門客，曾告知凶馬
的廬的由來，並將蔡瑁欲加害的消息密報
劉備。赤壁之戰後，正式成為劉備的屬下
。擅長舌辯。"
3,300,"天水郡的主簿。第一次北伐時，因為友人
姜維降了蜀漢，自己也打開城門投降。後
來任執金吾。"
4,301,"魏臣，殿中校尉，得到大將軍曹爽的信任
。文欽、毌丘儉叛亂的時候，為了阻止朋
友文欽反叛，自薦為使，但是沒有成功，
大哭返回。"
5,243,"蜀漢之臣。勸說劉備即帝位的文武百官之
一。諸葛亮第一次北伐時，被任命為博士
，負責內政，也負責過皇帝劉禪的教育。"
6,76,"曹操麾下的勇將。從曹操起兵時就隨其征
戰四方，其勇與張遼、徐晃等人齊名。但
是後來在樊城之戰中敗給關羽後投降，被
送回魏國後遭曹丕的嘲弄，羞憤而亡。"
7,211,"吳將。為了增援在魏國發動叛亂的諸葛誕
，率領援軍出征。雖然魏將王基勸說他投
降，但他還是為國盡忠，戰死沙場。"
8,598,"魏國的帳前校尉。姜維北伐時，在鄧艾麾
下與蜀軍交戰，並在鄧艾討伐蜀國時，也
與鄧忠一起擔任先鋒。蜀漢滅後，被鄧艾
任命為益州刺史。"
9,488,"東漢的山陽太守。參加反董卓聯盟第八鎮
。虎牢關之役時從軍，營救了敗給呂布軍
的王匡。正史記載，他是袁紹的表兄。"
10,169,"袁術之姪。袁術死後，護送袁術的靈柩和
其妻兒逃往廬江。但在途中，袁胤一行人
遭到毒手，玉璽也被奪走而落到了曹操手
裡。"
11,302,"蜀漢之將，右將軍。因黃皓的推薦而受重
用，代替姜維赴前線抗魏，但聽聞魏將鄧
艾勇猛，就害怕到不敢出戰。"
12,33,"袁紹的次子，幽州刺史。接納敗給曹操後
前去投奔的弟弟袁尚，但由於屬下背叛而
逃往烏丸，後來又投奔遼東的公孫康，卻
被公孫康砍下首級獻給曹操。"
13,491,"魏國武將。年少時被烏丸捉去。藉助烏丸
、鮮卑之力奪取烏丸校尉之位。後來歸順
曹操，跟隨征討烏丸。此人在正史中有記
載。"
14,32,"東漢的南陽太守，袁紹的異母兄弟。孫策
曾以玉璽為抵押，向他商借軍馬，後來據
玉璽自立為帝，但由於殘暴無道，終究招
致滅亡。"
15,34,"袁紹的三子。長相俊秀，因此得到了袁紹
的寵愛。袁紹死後，與兄長袁譚爭位，後
來敗給曹操，投奔身任幽州刺史的二哥袁
熙。"
16,5,"出身於名門袁家，為討伐董卓十八鎮諸侯
聯軍的盟主。董卓死後，為了稱霸中原，
與曹操鬥爭。可是，由於優柔寡斷，導致
在官渡之戰中大敗。"
17,518,"袁術的主簿。當袁術得到玉璽，正欲稱帝
時，他引用周文王雖有三分之二的天下，
卻還向殷稱臣的典故加以勸諫。"
18,35,"袁紹的長子，青州刺史。袁紹死後，由於
小弟袁尚自行繼位，與之相爭未成，於是
求得曹操的援助，雖然戰勝袁尚，自己最
終也死於曹操之手。"
19,170,"張魯麾下謀士。擔任張魯的參謀，提出過
各種建議。張魯聽信楊松的讒言欲斬龐德
時，他出面阻止。在張魯投降曹操後，也
被封為列侯。"
20,489,"袁術之子。袁術自立為帝後，便被立為太
子，待袁術死，投奔廬江太守劉勳，後來
孫策攻佔廬江，仍然繼續受其庇護。此人
只出現在正史中。"
21,460,"劉表麾下大臣。曾向劉表之子劉琮建議「
將軍既降，曹操必懈弛無備，設奇兵於險
處擊之」。後來隨同劉琮被流放青州，在
路上和主公一起被殺。"
22,171,"東漢的司徒。為了誅殺暴虐的董卓，用美
女貂蟬使「連環計」。董卓死後，壓抑不
住叛亂的李傕等董卓餘黨，被殺身亡。"
23,599,"司馬懿的六子，鎮東大將軍，琅邪王。討
伐東吳時，率領５萬士兵來助，和降伏吳
國的龍驤將軍王濬之軍會合，見大功告成
，喜不自勝。"
24,204,"魏將，鎮壓了毌丘儉之亂。諸葛誕叛亂時
，擔任鎮壓部隊的正先鋒出征，擊破朱異
、唐咨軍，殺死了于詮。據說通曉易學，
官拜鎮南將軍。"
25,56,"魏臣，天水太守。受鄧艾之命參加討伐蜀
漢，在綿竹之戰破蜀將諸葛瞻，攻下了綿
竹城。蜀漢滅亡後，回到任地的天水郡。"
26,519,"東漢的河內太守。響應袁紹、曹操等的反
董卓號召，率領大軍參加。差遣屬下方悅
去戰呂布，五個回合不到就被殺死。"
27,128,"魏國的散騎常侍。與王沈、王經一起被曹
髦所召，商議討伐司馬昭之事，但害怕大
難臨頭，便和王沈一同密報司馬昭。"
28,303,"魏將，雍州刺史。敗給背水一戰的姜維，
可是被陳泰、鄧艾救下。後來成為尚書，
但在曹髦起兵欲誅伐司馬昭時，和母親一
起被處斬。"
29,304,"蜀漢之臣，永昌太守。不響應孟獲叛亂蜀
國，因此遭到雍闓等人的攻擊，和呂凱一
起死守城池，直到諸葛亮到來。"
30,305,"晉臣，侍中。王濬向司馬炎上奏討吳時，
他勸諫等待一年讓吳國力自行疲憊，後來
決定伐吳後，被任命為安東大將軍，領兵
前去征討。"
31,151,"劉表麾下大臣。劉表死後，與蒯越一起勸
說劉琮投降曹操，後來被曹操封為關內侯
。是著名文人，「建安七子」之一。"
32,306,"袁譚麾下大臣，青州的別駕。袁譚死後被
梟首，他不顧曹操的命令，在袁譚首級旁
哭泣，因此其忠義受到肯定，被封為中郎
將。"
33,307,"晉將，建威將軍。參加討伐東吳的戰事，
領一軍攻打武昌，在石頭城與王濬軍會合
。「竹林七賢」之一。"
34,600,"魏國的雍州刺史。參加鄧艾的蜀漢討伐軍
，受命斷姜維的退路，但失敗，鍾會大怒
原本要將之斬首，但衛瓘勸諫，便交由晉
王司馬昭發落。"
35,150,"晉將。向司馬炎上奏討伐東吳，從益州順
長江而下攻入吳國，在石頭城迫使孫皓投
降。平定東吳後，被封為輔國大將軍。"
36,129,"魏國的太尉。當鄧艾和鍾會發兵討蜀之際
，和百官一同送行。在司馬昭正迷惑後繼
者的問題時，他勸諫「前代立少，多致亂
國」，促使長子司馬炎成為世子。"
37,130,"魏國的侍中。與王經、王業一起受曹髦所
召，商談誅殺司馬昭之事，但為恐責難，
便遊說王經共逃此難，但遭拒，於是聯同
王業向司馬昭通報。"
38,205,"曹真麾下的猛將，慣使六十斤重的大砍刀
和流星鎚。在陳倉與蜀漢軍馬交戰，殺死
了謝雄，重創張嶷，但在追擊蜀軍時被魏
延所殺。"
39,543,"曹操麾下將士。與劉岱共同防備徐州的劉
備，但被關羽擒獲。被釋放後，在許昌將
要被曹操下令處死時，多虧孔融求情才撿
回性命。"
40,308,"魏將。擔任征南大將軍，率領十萬軍馬攻
打東吳南郡，可是由於敵將丁奉在東興取
得勝利，作出再攻之無益的判斷，然後就
撤退了。"
41,131,"司馬昭的主簿。２５３年，跟隨司馬昭在
鐵籠山與姜維對戰，在飲水短缺時，進言
司馬昭不如仿傚東漢耿恭，拜井而得甘泉
。"
42,618,"魏將，胡遵之子，胡奮之弟。鍾會討伐蜀
漢時，以護軍之職參戰。蜀滅亡後，被企
圖謀反的鍾會監禁，但遣人將此事告知兒
子胡淵，使鍾會最後死在討伐軍之手。"
43,133,"魏將。西元２６３年，鍾會及鄧艾出兵伐
蜀時，為鍾會麾下的將軍。"
44,152,"蜀漢將軍。本是魏將，漢中攻防戰時因與
徐晃不睦，就此投降蜀方。南征北伐中表
現出色，街亭之戰時也擔任馬謖的副將參
戰，雖處敗勢，但仍率領少數人馬奮戰。"
45,309,"關羽麾下之臣，隨軍司馬。關羽攻打襄陽
時，因對荊州的守備感到不安而提醒關羽
。在關羽逃出後，他死守麥城，但得知關
羽死訊，隨即自殺。"
46,135,"公孫瓚的武將，只出現在正史當中。當公
孫瓚與袁紹相爭時，倒戈投向袁紹，並領
一萬兵攻打公孫瓚，但卻被田予說退。"
47,620,"荀彧之子，陳泰的岳父。２６０年，司馬
昭殺曹髦後曾勸說拒絕參朝的陳泰。後來
擔任司馬，勸諫司馬昭立司馬炎為世子。"
48,244,"劉璋麾下謀士，官任從事。將自己倒吊在
城門下，勸阻欲迎入劉備的劉璋，可是劉
璋拒諫，於是他斬斷吊住自己的繩索，撞
地自殺。"
49,51,"魏臣。原是東漢之臣，任會稽太守，後來
成為曹操的屬下，與華歆一起逼迫獻帝讓
位。渭水之戰中，與諸葛亮舌戰，被諸葛
亮氣死。"
50,492,"魏臣，曹爽的心腹。曹叡死後成為尚書，
但是被司馬懿殺死。根據正史記載，他是
東漢的大將軍何進之孫，為人頗為自愛。"
51,40,"劉表麾下大臣，蒯良之弟。曹操大軍來攻
時，他勸說劉表的後繼者劉琮投降。曹操
給予他高度的評價，說道：「吾不喜得荊
州，喜得異度。」（蒯越字異度）。"
52,41,"劉表麾下大臣，蒯越之兄。輔佐劉表，表
現活躍。孫堅來攻打荊州時，他授計給武
將呂公，令其伏擊孫堅，以矢石攻之，擊
斃了孫堅。"
53,596,"蜀將。諸葛亮第一次北伐時隨軍，２５８
年冬，姜維北伐時在後方守衛漢壽城，後
來鍾會伐蜀，敵不過只好逃往成都求援。"
54,467,"吳臣，中書丞。勸諫對外採取積極策略的
孫皓要慎重行事，但激怒了孫皓，因此被
趕出宮中。後來憂心吳國的未來，從此隱
姓埋名。"
55,196,"魏臣。勸阻曹彰與曹丕爭奪繼承之位。對
吳作戰時擔任曹休的參謀參戰，識破了周
魴的詐降。官拜魏國諫議大夫。"
56,414,"黃巾黨。黃巾之亂後，一直佔據汝南，被
當時正組織義軍的許褚捉住，遭曹操處斬
。"
57,195,"曹操麾下的謀士。本是漢臣，先後改投孫
策、曹操。演義中，逼迫獻帝讓位給曹丕
。正史和演義中對此人的評述截然不同。
任魏國尚書令。"
58,42,"魏臣。原是李傕部屬，但並不得志，於是
作了張繡的參謀。屢獻妙計，幾番擊破曹
軍。後來與主公張繡一起歸順曹操，官拜
魏國的太尉。"
59,310,"魏臣，郭嘉之子。郭嘉死後，被帶到曹操
府中，後來成為魏國的太子文學。據說此
人博學，但是待人態度好惡不一。"
60,43,"曹操麾下謀臣。智謀及洞察力兼備，深得
曹操信賴。平定河北時死於疾病，年僅三
十八歲。曹操在赤壁戰敗後，曾悲嘆「若
奉孝在，決不使吾有此大失」。"
61,480,"高定麾下的武將。身長九尺，慣使方天戟
。擔任高定軍的先鋒與魏延等交戰，最後
被俘。與高定一起投降，被封為牙門將。"
62,236,"董卓麾下之將。董卓死後，聽從賈詡的建
議，急襲長安，殺死王允等人，與李傕一
起執朝廷牛耳。後來成為山賊，被屬下伍
習殺死。"
63,140,"袁術的武將。當袁術出兵攻打呂布時，命
他負責接應友軍，後來袁術大敗，並受到
曹操的攻擊，他與梁剛、李豐、陳紀一起
守衛壽春，但最後城破被斬。"
64,311,"劉表麾下之將。劉備取了荊州後，就歸順
於劉備，和孟達一起守備葭萌關。是蜀漢
之將霍弋之父。"
65,77,"魏將。因司馬懿的推薦，被提拔為鎮西將
軍，受命守衛陳倉。擅長防衛戰，以三千
兵馬面對諸葛亮率領的三十萬大軍，據守
了二十多天。"
66,78,"曹操麾下的勇將。從曹操起兵起就隨其四
處征戰，與張遼、于禁、徐晃、張郃並稱
魏國名將，倍受讚譽。"
67,320,"魏將，揚州刺史，樂進之子。在對蜀作戰
中表現活躍。諸葛誕叛亂時，因接到賈充
密書之事洩露，遭受諸葛誕發兵奇襲，在
樓閣上被殺。"
68,79,"袁紹麾下的謀士。官渡之戰中，當烏巢被
襲之際，進言「可縱兵先擊曹操之寨」，
導致袁軍敗北。袁紹死後，成為袁譚的參
謀。"
69,143,"合浦太守脩允的私軍隊長。脩允死後，被
命令解散軍隊，於是發動叛亂，亂事擴展
到交州一帶，招致晉朝伐吳。"
70,248,"蜀漢大臣，官任侍中。在北伐前諸葛亮上
奏的「出師表」中，和董允、費禕一併被
評為誠實純良，可以委之以宮中諸事。"
71,312,"蜀漢之將，霍峻之子，建寧太守。聞知成
都陷落的消息後，著喪服痛哭，在建寧繼
續抵抗，但得知劉禪安然無恙後，便率領
屬下投降。"
72,206,"魏將。擔任行軍司馬，在曹真、司馬懿手
下統領軍馬。後來就任雍州刺史，追擊背
叛魏國的夏侯霸，在鐵籠山救出了司馬昭
。"
73,238,"魏將，夏侯淵的次子。經司馬懿的推薦，
與長兄夏侯霸一起成為對蜀漢作戰的先鋒
，與諸葛亮對抗。後來隨軍討伐公孫淵。"
74,6,"魏將，夏侯惇的堂弟。從曹操起兵時就能
獨當一面，擅長於急襲的猛將。但後來在
定軍山之戰中，中了蜀將法正的計謀，被
黃忠斬殺。"
75,313,"曹操的隨身之將，負責保管曹操的寶劍「
青釭」。在長阪坡正顧著搶奪擄掠時，被
趙雲一槍刺死，「青釭」也被奪去。"
76,245,"魏將，夏侯淵的四子。口齒伶俐，擅長兵
法。在司馬懿身邊擔任行軍司馬，與諸葛
亮率領的蜀漢大軍對峙。"
77,146,"魏國武將。２６３年，鍾會與鄧艾伐蜀時
，為隸屬於鍾會麾下的司馬。"
78,246,"魏將，夏侯淵的三子，從年幼時就文才出
眾。與夏侯和擔任行軍司馬，活躍在對蜀
漢作戰的最前線。"
79,247,"魏國太常卿，夏侯尚之子。與中書令李豐
等人一起，接受了魏帝曹芳誅殺司馬師的
血詔，但這個計劃馬上就被發覺，被處以
腰斬之刑。"
80,207,"魏將，夏侯惇之姪。在定軍山之戰中被俘
，但是與陳式交換人質，得以歸魏。後來
成為曹真屬下，以三路進攻東吳，但卻敗
給了陸遜的大軍。"
81,314,"夏侯惇之姪，夏侯尚之兄。守備天蕩山，
被蜀將嚴顏放起大火燒山，光顧著滅火之
時，不慎被嚴顏斬死。"
82,7,"魏將，曹操的親戚。在與呂布軍作戰中，
被曹性的暗箭射中，失去左目，但是，後
來仍繼續率軍轉戰各地。曹操死後不久，
他也隨之病死。"
83,80,"效忠過魏、蜀漢的武將，夏侯淵的長子。
曹爽被司馬懿誅殺時，感到自己也身處險
境，因而逃亡到蜀漢。妹妹是張飛之妻，
其女成為劉禪的皇后。"
84,278,"魏將，夏侯淵之子，夏侯惇的養子（正史
為夏侯惇的親生）。迎擊來犯的蜀漢大軍
，但實力不濟，戰敗逃往胡地，從此未歸
。"
85,235,"魏、晉之臣，賈逵之子，司馬昭的心腹。
指揮誅殺魏帝曹髦，鍾會之亂後赴蜀地以
收拾成都的混亂。在討伐東吳的戰事中，
態度頗為消極。"
86,619,"東吳的武衛士。２５８年，丁奉征討孫綝
時，和魏邈合力逮捕了孫綝的兄弟。"
87,530,"過去是個經營屠宰業的平民百姓，但自從
其胞妹成為靈帝的皇后後，成為外戚官居
高位。曾擔任大將軍之職，企圖剷除宦官
十常侍，但事情敗露，反被謀殺。"
88,506,"吳將，為孫策、孫權效力。和陸遜一起討
伐山賊時表現活躍。好奢華，喜用優質華
麗的兵器、鎧甲、兵船。只出現於正史之
中。"
89,148,"魏臣。勸說司馬昭立長子司馬炎為世子，
後來司馬炎成為晉王，任命他為丞相。"
90,253,"魏臣，晉朝時任尚書光祿大夫。當東吳的
張儼來弔唁司馬昭時，與羊祜結為莫逆之
交。"
91,315,"公孫淵麾下之將。勸阻公孫淵自稱燕王，
惹得公孫淵大怒，因而被處斬。後來，其
子孫被討伐公孫淵的司馬懿授予爵位。"
92,8,"董卓麾下的猛將，身長九尺。在汜水關之
戰中大破孫堅軍，原本想乘勝追擊，但卻
死在關羽刀下。正史中的記載則是相反，
說他敗給孫堅後被斬殺。"
93,468,"關興的庶子。由於關興的嫡子關統沒有子
嗣，因此由他繼承家業。鍾會叛亂之時被
魏兵殺死。為漢壽亭侯。"
94,280,"袁術的武將。為袁術之子與呂布之女的親
事，被派遣至呂布之處提親，後來呂布和
袁術交惡，被送至許昌，遭曹操所斬。"
95,2,"蜀漢五虎大將之首。與劉備、張飛結為異
姓兄弟。武藝超群，據說能「力敵萬軍」
。劉備入蜀後，他鎮守荊州，最後被吳軍
俘虜斬首。"
96,255,"黃巾黨將領。黃巾之亂後，率領數萬餘黨
襲擊北海，與前來救援的劉備軍會戰，並
單挑關羽，力鬥幾十回合，最後戰死。"
97,172,"魏將。反對司馬師廢曹芳，與揚州刺史文
欽一起發動叛亂，但判變失敗，逃往慎縣
投奔縣令宋白，卻受騙被殺。"
98,283,"毌丘儉的小弟。參加毌丘儉的叛亂，但因
文欽戰敗，和毌丘儉一起逃往吳國。"
99,284,"毌丘儉的長子。曹芳被司馬師逼迫退位後
，促使父親毌丘儉叛亂，並發兵離開洛陽
，但不久便被殺了。"
100,52,"長沙太守。因部屬黃忠沒有射中關羽，而
懷疑其通敵，欲殺之，可是反而被魏延殺
死。性情急躁。"
101,316,"曹操麾下之將。本是袁術屬下，經夏侯惇
勸說，轉而效忠曹操。他向曹操進言，陳
述屯田制的必要。演義中為長沙太守韓玄
之弟。"
102,81,"蜀漢將軍，關羽的次子。劉備起兵征討東
吳時，為報父仇而加入復仇軍。與張飛之
子張苞義結金蘭，一同活躍於北伐戰場。"
103,82,"蜀漢將軍，關羽的三子。荊州陷落時身負
重傷，逃到鮑家莊靜養。南征之時，回歸
蜀漢擔任先鋒，用計捉到孟獲。"
104,83,"東漢的并州刺史。結義兄弟馬騰被曹操殺
害後，與馬騰之子馬超起兵，可是中了曹
操的離間計，欲投降曹操時，被馬超砍下
左臂。"
105,250,"劉表麾下的謀士，從事中郎將。為了探明
曹操的情況去許昌偵察，而被朝廷封為侍
中、零陵太守。歸國後，被為了此事而大
怒的劉表打入大牢。"
106,646,"吳將。當孫亮密謀誅殺孫綝時，受命與全
紀一起攻佔城門，但計劃敗露，遭處斬。"
107,317,"河東郡「白波賊」的大將，與董承、楊奉
等人一起護送獻帝去洛陽。因害怕曹操的
威勢，和楊奉聯手對抗曹操，後來被關羽
、張飛殺死。"
108,173,"孫權麾下的謀士。協助黃蓋、周瑜使「苦
肉計」，自己出任使者親赴曹營，促使計
策成功。蜀軍大舉進攻時，推薦年輕的陸
遜為大都督。"
109,524,"黃巾黨將士。和孫仲、趙弘共同攻佔宛城
，與朱䊵、劉備等黃巾討伐軍進行交戰，
身中流箭戰死。"
110,504,"蜀漢之將，關興之子，關羽之孫。從父親
那裡繼承了漢壽亭侯之位，娶了公主，任
虎賁中郎將。只出現在正史當中。"
111,153,"吳將。孫氏三朝元老，參加過進攻揚州、
赤壁、征討關羽、夷陵等許多戰役，是東
吳水軍將領。"
112,636,"東吳的中書郎。受孫綝之令駐守武昌，到
孫皓即位，昇任司空。由於名字的「宗」
與孫皓的字元宗同，為了避諱，故改名為
孟仁。"
113,17,"吳將，海盜出身，人稱「錦帆賊」。在黃
祖手下鬱鬱不得志，藉助蘇飛之力歸順孫
權。在進攻黃祖、赤壁之戰、對魏作戰中
表現勇猛，深得孫權的信任。"
114,319,"魏臣，大司農。深得曹爽信任，被稱為「
智囊」。勸阻欲投降司馬懿的曹爽，並堅
持抗戰到底，但不被曹爽接納。"
115,53,"東漢的冀州牧。率軍參加討伐董卓聯軍。
同盟決裂後，被尋找根據地的袁紹奪取了
冀州，拋下妻兒去投奔張邈。"
116,18,"劉備麾下之將，關定的次子。得關羽喜愛
，成為其義子。劉備入蜀後，他隨關羽鎮
守荊州。敗走麥城時被吳軍俘虜，遭斬首
。正史中並無關於義子的記述。"
117,174,"劉備麾下大臣，與劉備是同鄉。從義勇軍
時代就跟隨劉備，擔任使者、參謀等職表
現活躍。入蜀後，被任命為昭德將軍。據
說是漫不經心的人。"
118,10,"袁紹麾下的猛將。白馬坡之戰中擔任先鋒
，斬殺宋憲、魏續，又擊退猛將徐晃，但
卻被當時身在曹營的關羽一刀劈死。"
119,15,"蜀漢之將。原是劉表的屬下，後來為劉備
效力，成為僅次於五虎大將的猛將。諸葛
亮死後，他與參謀楊儀對立，被接受孔明
遺計指示的馬岱斬殺。"
120,259,"袁紹麾下之將。界橋之戰時指揮中軍，斬
殺了公孫瓚的部將嚴綱，但在追擊敵兵時
，死在趙雲的手裡。據正史記載，他因生
性傲慢被袁紹疏遠，之後便被肅清殺之。"
121,493,"曹操麾下大臣，經荀彧推薦為曹操效力。
專長計謀，雖受到重用，可惜英年早逝，
之後荀彧便推薦郭嘉以接替戲志才。此人
只見於正史之中。"
122,322,"呂布麾下之將。與侯成、宋憲一起背叛呂
布，投降了曹操。白馬之戰中挑戰顏良，
只一個回合就被斬於刀下。"
123,621,"魏國的從事中郎。賈充上奏擊殺在沓中屯
田的姜維時，他向司馬昭進言應當直接發
兵征討腐敗的蜀國。後來羊祜提征吳論，
卻是與賈充一同反對。"
124,507,"劉虞麾下之將，右北平之人。勸諫欲討伐
公孫瓚的劉虞，應大事化小，小事化無。
此人只出現在正史裡。"
125,154,"曹仁麾下之將。對吳作戰中，將甘寧困在
夷陵城，但是被前來救援的周瑜衝破包圍
。為扭轉態勢，欲夜襲周瑜寨營，可是被
識破，招致大敗。"
126,622,"魏國的西曹掾。當司馬昭令鍾會伐蜀時，
曾進言說鍾會胸懷野心，不可獨掌大權，
但司馬昭回答他早已知情。"
127,494,"董卓的女婿。董卓進京之時，負責守備陝
西。董卓死後，與李傕等人一起襲擊長安
，但是被呂布擊退，挾帶財寶逃亡途中，
被心腹胡赤兒殺死。"
128,326,"在鄧艾伐蜀時擔任監軍。綿竹關之戰中，
曾勸說諸葛瞻投降，遭到拒絕後，便進言
採用奇襲攻城。"
129,84,"蜀漢將軍。原為魏國效力，在諸葛亮第一
次北伐時，歸順蜀漢。諸葛亮臨終時，將
兵法傳授給他。九度發動北伐，使得國力
衰退。"
130,321,"武陵太守金旋麾下的從事。張飛發兵來犯
時，他勸金旋投降，但不被採納，後來金
旋敵不過張飛逃回，他便取了金旋的首級
投降，並被任命為武陵太守。"
131,318,"袁術麾下之將。曹操攻打袁術時，擔任迎
擊的先鋒，在壽春與曹操軍大戰，被夏侯
惇所殺。據正史記載，他曾經被袁術任命
為大將軍。"
132,256,"黃巾黨將領。黃巾之亂後，率領賊軍盤踞
在汝南。官渡之戰時，在曹操軍後面擾亂
，以協助袁紹與劉備。最後在與曹操軍的
戰鬥中，被夏侯淵殺死。"
133,54,"東漢的東郡太守，曾率軍參加討伐董卓的
聯軍。聯盟決裂後，因為拒絕了劉岱借軍
糧的請求而被殺。喬玄之姪。"
134,469,"魏將，猛將許褚之子。討伐蜀漢時為鍾會
的部屬，擔任先鋒負責開道，但當鍾會在
通過時，腳下道路卻崩塌，因而遭處斬。"
135,465,"吳郡太守。欲送密信給曹操，要曹操注意
孫策，卻被孫策發現而遭殺身之禍。後來
他的三名食客為了報仇去襲擊孫策，使孫
策受了重傷。"
136,176,"蜀漢大臣。劉備勸說劉璋投降時，他最早
歸順。擅長評論人物，與其堂弟許劭齊名
。劉備即帝位後，他被封為司徒。"
137,12,"魏將，身長八尺的壯漢。與典韋相鬥不分
勝負，為曹操所賞識，拔擢為貼身護衛。
平時呆頭呆腦，在戰場上卻英勇無比，所
以人稱「虎痴」。"
138,177,"袁紹麾下的幕僚。官渡之戰時投降昔日好
友曹操，告知儲藏軍糧的烏巢情報，得此
消息後，曹操軍發動奇襲，扭轉局勢取得
了大勝利。"
139,155,"袁術麾下之將，慣使三尖刀。劉備軍前來
攻打時，與名將關羽單挑三十回合不分勝
負，後來奉袁術之命打劉備，但經呂布調
解，撤兵而去。"
140,132,"南蠻王孟獲麾下之將，第一洞元帥。為了
迎擊蜀漢軍馬，與阿會喃、董荼那一起出
洞，但遭到夜襲，混亂中被趙雲殺死。"
141,55,"武陵太守。張飛前來攻打武陵之時，不聽
屬下鞏志的勸阻而出兵，後來敗給張飛，
返回城池時被鞏志射死。"
142,382,"虞翻的四子，虞翻之子中最有名聲。與陶
璜等人攻破交趾，自晉朝手中奪回交州。"
143,178,"會稽的郡吏。因為太守王朗敗給孫策，遂
投降孫策。向負重傷的周泰推薦了名醫華
佗。後來勸降蜀將傅士仁，為佔領荊州作
出貢獻。"
144,237,"劉度麾下之將。與劉備軍對壘，但是不敵
張飛、趙雲而投降劉備。被釋放後捲土重
來，卻被趙雲一槍從馬上挑落。"
145,197,"蜀漢之臣。諸葛亮北伐時，打理內政，蜀
漢滅亡後，被押往洛陽。在宴席上勸諫樂
不思蜀的愚庸劉禪。官拜蜀國秘書令。"
146,16,"劉備麾下之將。原本是劉璋的屬下，負責
守衛巴郡，後來與張飛作戰時被俘，但感
於張飛之義，因此歸順劉備。攻打漢中時
，跟隨黃忠活躍在戰場之上。"
147,601,"蜀將。蔣琬之子。２５８年冬，參加姜維
的北伐後，便負責守護漢城。後來得知鍾
會的蜀漢討伐軍攻陷漢中，就開門投降了
。"
148,323,"公孫瓚麾下之將。界橋之戰中，率領一軍
迎敵，敗給了袁紹軍的麴義，遭到斬殺。"
149,324,"孫權麾下之臣。與出任同盟使者來訪的諸
葛亮舌戰，反而自取其辱。孫權即帝位後
，被任命為衛尉，後來做了尚書令。"
150,529,"黃巾黨，張寶麾下武將。在朱䊵等官軍和
劉備軍的攻勢下，固守在陽城縣城。他絕
望地感到城池陷落不可避免，於是刺死張
寶，投降了官軍。"
151,297,"吳郡的強盜，自稱「東吳德王」。與孫策
大戰敗北後，投奔會稽的王朗，但又再次
敗給了孫策，逃跑時死於董襲之手，首級
被獻給孫策。"
152,471,"嚴白虎之弟。嚴白虎被孫策打敗後，擔任
和談的使者，但在談判桌上提議平分江東
，被震怒的孫策斬殺。"
153,85,"蜀漢之將，劉璋的義兄。於劉備攻打西川
時投降，之後便當了劉備的部屬，表現活
躍。其妹日後嫁給劉備為妻（吳夫人）。"
154,623,"魏國的光祿大夫，張皇后之父。和夏侯玄
、李豐一起受曹芳之召，共謀誅殺司馬師
，但在出宮時被發覺曹芳的計劃，三族皆
被處斬。"
155,19,"吳將。打從孫堅起兵時，就為東吳效力的
老將，善使鐵鞭。赤壁之戰時，配合周瑜
行使「苦肉計」，詐降曹操以伺機放火，
為東吳帶來勝利。"
156,325,"袁紹外甥，并州刺史。出兵救援在官渡戰
敗的袁紹，後來在壺關起兵反曹操，與李
典、樂進等曹操旗下的大將英勇奮戰，但
最後以失敗告終。"
157,156,"為蜀漢、魏國效過力的武將。在劉備麾下
時，為討伐東吳而率領水軍，但由於蜀方
大敗，自己孤立無援，不得已而降魏。投
降後，對劉備始終忠節不改。"
158,271,"蜀漢的宦官。得到劉禪的寵愛，在宮中作
威作福，更向後主推薦心腹閻宇，以代姜
維之職。後來蜀漢滅亡，以亂國之罪被斬
首。"
159,426,"高幹之族弟，魏國的司徒。當司馬懿發動
謀反時，代替曹爽擔任大將軍，佔據了曹
爽的陣營。"
160,268,"呂布麾下之將。跟隨呂布轉戰各地，綽號
「陷陣營」。呂布戰敗被擒後，一言不發
從容赴死。"
161,327,"蜀漢之將，右將軍。隨諸葛亮北伐，使用
木牛流馬從劍閣到祁山進行運輸，執行諸
葛亮的計策，故意讓魏軍奪去木牛流馬。"
162,525,"黃巾黨，張寶的副將，在曲陽之戰中出陣
。擔任官軍先鋒的劉備命張飛迎戰，幾個
回合就被張飛挑落馬下。"
163,428,"黃權之子。當黃權降魏後，仍然留在蜀漢
，後來鄧艾攻打蜀國，與諸葛瞻一起守綿
竹關，共同戰死沙場。"
164,328,"呂布麾下之將。守城時違反了禁酒令，遭
到杖責，因此看透呂布，與魏續、宋憲決
定一起叛變，盜走赤兔馬，投降於曹操。"
165,443,"韓遂的武將。２１１年當馬超起兵時，跟
隨韓遂與曹操交戰，後來馬超和韓遂決裂
，隨著韓遂一起降了曹操。"
166,179,"劉表麾下之將，江夏的守將。在酒席上斬
殺了奇才禰衡。冷淡對待海賊出身的甘寧
，致使其降吳，後來遭到已經成為吳將的
甘寧攻打，不敵被殺。"
167,329,"公孫瓚之弟。以使者的身份，向袁紹交涉
分割冀州，但袁紹不從，於歸路時遭到伏
兵暗殺。"
168,86,"燕王。公孫康之子。趁魏、吳戰亂自稱燕
王，對魏國發動叛亂，後來敗給司馬懿率
領的討伐軍，投降不成，在企圖逃亡時被
斬殺。"
169,331,"公孫康之弟。建議公孫康殺了袁熙等人，
再將首級獻給曹操。兄長死後，繼承其爵
位，被任命為車騎將軍，但後來被姪子公
孫淵奪去位子。"
170,330,"公孫度之子。斬了敗給曹操軍後逃來的袁
熙、袁尚兄弟，將首級獻給曹操。由於此
功績，被曹操授予襄平侯、左將軍之位。"
171,38,"東漢的北平太守，與劉備一起師從盧植。
所率精銳部隊全數騎乘清一色的白馬，在
討伐黃巾黨和鎮壓外族中表現活躍。"
172,509,"公孫瓚的兒子。和父親一起大戰袁紹，於
易京之戰中大敗，在失火的樓閣中與父母
一同自殺。此人只記載於正史裡。"
173,264,"東漢的遼東太守、武威將軍，建有討伐烏
丸的功績，公孫康之父。在中原戰亂不斷
之際，仍能在遼東保持獨立。"
174,508,"公孫瓚的堂弟。為了安撫為弟弟公孫越報
仇而出兵的公孫瓚，袁紹將渤海太守印綬
，讓給了公孫範。此人只記載於正史裡。"
175,57,"東漢的豫州刺史，率軍加入反董卓聯盟。
據正史記載，此人擅長批判人物、清談高
論，但是作為軍隊的指揮官，卻是個無能
之輩。"
176,23,"蜀漢之將，曾先後為劉表、韓玄效力過。
在韓玄的麾下時，與關羽有過一場激戰，
歸順劉備後，也領軍活躍在戰場上。劉備
即位漢中王時，被任命為五虎大將。"
177,332,"蜀漢之臣，越雋太守。與雍闓一起發動叛
亂，可是中了諸葛亮的離間計，只好投降
。後來因誅殺雍闓、朱褒有功，被任命為
益州太守。"
178,333,"劉璋麾下之將，與楊懷一起負責涪水關的
守備。計劃暗算劉備，但是被劉備的軍師
龐統發覺，自己反而上當被斬。"
179,451,"魏將。２６３年，在鍾會與鄧艾攻打蜀漢
時，擔任鍾會的參軍。"
180,201,"東漢之臣。黃巾之亂時，用火攻大破張梁
、張寶軍，掘出張角之墓，從屍體上砍下
首級。一度下野，董卓死後又回朝為官。
任太尉。"
181,58,"東漢的北海太守，孔子第二十代子孫，「
建安七子」之一。參加過討伐董卓聯盟，
後來為曹操效力，但是因為勸阻其攻打劉
備而被處死。"
182,239,"袁紹麾下之將。官渡之戰中與曹操軍的猛
將許褚交戰，後來與同僚張郃一起歸順曹
操。日後攻打汝南的劉備軍，斬殺了劉辟
。"
183,624,"蜀漢的尚書，張苞之子，張飛之孫。當鄧
艾越過陰平攻打綿竹時，和諸葛瞻一同守
備城池，後來諸葛瞻父子戰死，他也出城
殺出，力戰而亡。"
184,602,"東吳的左將軍。當孫皓欲舉兵伐晉時，陸
抗上奏不可，於是孫皓怒而罷其兵權，並
令孫冀代領其軍，擔任總指揮。"
185,495,"沒有出現在演義中。據正史記載，曾得到
劉表之助而任蒼梧太守，與劉備是舊識。
後來被孫權派遣的交州刺史步騭，以不服
從為由斬殺。"
186,472,"吳將，建平太守。由長江之中漂流而來的
大量木屑，得知晉軍正在建造軍船準備來
犯。後來死守建平郡以擋晉軍，在得知吳
主孫皓降晉後，也跟著投降。"
187,473,"魏臣，長史，諸葛誕的心腹。叛亂之時為
請求援軍而任使者赴吳，以諸葛誕之子諸
葛靚為人質，並送到東吳，完成了使命。"
188,603,"東吳的前將軍。率領水軍迎擊進逼建業的
晉朝王濬軍，但士兵皆逃亡，只好開城投
降，讓晉軍進入石頭城。"
189,461,"吳將。孫策死後，孫權召募江東人材時應
召而來。當孫和與孫霸爭奪繼位時，因為
擁立孫和，受了讒言而死在獄中。"
190,466,"魏將，東莞太守。２２８年，東吳的周魴
詐降時，與滿寵一起納入賈逵的旗下，以
防備吳軍。"
191,335,"魏臣，朝歌縣長。曹丕與曹植爭位時，躲
在裝絹匹的箱子中，載入曹丕府密談商議
，此事經人告發後，之後只在箱子中裝絹
布，才逃過責難。"
192,292,"張繡麾下的勇士，外族出身，是張繡軍中
頭號豪傑，據說能背負五百斤並日行七百
里。與曹操作戰時，建議盜取典韋的雙戟
，並親自實行計劃。"
193,240,"魏將，征東將軍。討伐公孫淵時擔任先鋒
，後來毌丘儉叛亂，與鄧艾、王基一起指
揮兵馬，打敗毌丘儉，平定了淮南一帶。"
194,485,"董卓的武將。當袁紹的聯軍攻打董卓時，
以守衛汜水關的華雄副將參戰，後來被孫
堅軍的程普所殺。"
195,486,"顧雍之孫，與諸葛恪等人為孫登的太子四
友。當孫和與孫霸爭奪繼位時，由於擁立
孫和，被孫霸的親信陷害，因而被流放，
憤死他鄉。"
196,604,"吳將，丁奉之弟。呼應正在綿竹城和鄧艾
交戰的諸葛瞻之請求，任丁奉副將的丁封
和孫異一起前往救援，但晚到了一步。"
197,134,"烏戈國國王，身長十二尺（約２８８公分
）的巨漢。率領刀槍不入的藤甲軍與蜀漢
軍作戰，但是在盤蛇谷被燒死。"
198,334,"王植麾下從事。奉命放火夜襲千里尋兄的
關羽，但是卻將關羽放走。後來去荊州投
奔關羽，成為劉備的屬下。"
199,180,"蜀漢將軍。吳懿的族弟，原本是劉璋的屬
下。討伐東吳時任先鋒，首次旗開得勝，
在夷陵包圍了孫桓。北伐戰中，被魏將張
虎、樂琳射殺。"
200,208,"晉將。鎮壓了諸葛誕的叛亂，並任平南將
軍參加討伐東吳。反對杜預的急進策略，
卻被杜預以「應利用此破竹之勢」駁回。"
201,181,"吳臣。原來是蔡邕門生，經張紘推薦，為
孫權效力。孫權即帝位時，被封為丞相。
據說此人沉默寡言，滴酒不沾。"
202,182,"劉備麾下之將。原本是劉璋屬下，劉備入
蜀後就歸順了劉備。跟隨馬超，在漢中對
魏作戰中表現活躍。斜谷之戰中，與曹操
之子曹彰交手，不敵被殺。"
203,625,"魏國的牙門將軍，負責守衛合淝新城。當
吳國的諸葛恪包圍新城，即將攻破時，他
假意投降，等修好城牆後又再登城罵戰，
頑強抵抗直到吳軍退兵。"
204,464,"袁紹麾下大臣。因為獻計不被採納，辭官
不做。袁紹失敗後，成為曹操的屬下。因
為反對曹操即魏王之位，被投入牢獄，賜
死於在獄中。"
205,336,"蔡瑁的堂弟。赤壁之戰中與蔡中一起投降
東吳，可是，識破他們詐降的周瑜趁機使
「苦肉計」，藉他們的手傳假情報給曹操
。"
206,490,"吳將。２７２年，西陵的步闡投降晉朝時
，加入陸抗的麾下，與左奕、吾彥一起包
圍西陵。"
207,337,"蔡瑁的堂弟。與蔡和一起擔任細作詐降東
吳，可是被周瑜識破，令其帶路直到曹操
水寨。最後被甘寧殺死。"
208,87,"劉表麾下之將。荊州豪族出身，劉表繼室
蔡夫人之弟。欲使劉琮繼承荊州，企圖暗
算眼中釘劉備，但以失敗告終。擅長指揮
水軍。"
209,503,"吳將。２７２年，西陵的步闡投降於晉時
，在陸抗的指揮下包圍西陵。"
210,338,"原在陶謙麾下，曾侵佔運送的物資興建寺
廟。後來成為劉繇屬下與孫策作戰，戰敗
後與劉繇一起投奔劉表。"
211,626,"東吳的司空。２７９年，司馬炎下令攻打
吳國，勢不可擋之際，孫皓向他詢問應對
之策。"
212,605,"魏國鄧艾的參謀。２６３年，鄧艾被姜維
大敗時，賄賂蜀國的黃皓，散佈姜維已降
魏的假消息，迫使蜀帝急召姜維退兵。"
213,49,"魏臣。為曹氏四代效力，構築了晉王朝的
根基。與蜀漢作戰時採取防守戰略，獲得
了勝利。與曹爽爭鬥，掌握住魏國實權。
晉建國後，追諡為宣帝。"
214,209,"晉朝的開國皇帝，司馬昭的長子。強迫魏
帝曹奐讓位，建立了晉朝，並接受羊祜和
杜預的建議伐吳，逼使吳帝孫皓投降，最
終統一了大陸。是為晉武帝。"
215,88,"魏臣，司馬懿的長子。父親死後，成為魏
國大將軍，威風不可一世。由於廢了曹芳
，致使毌丘儉叛亂。因眼睛上的瘤惡化，
最後致死，追諡為景帝。"
216,89,"魏臣，司馬懿的次子。與兄長司馬師一起
執掌大權，兄死後，繼承大將軍之位。２
６３年平定蜀漢，成為晉王，但不久後便
病死，追諡為文帝。"
217,606,"魏國的散騎常侍。深受司馬昭的信任，諸
葛誕叛亂時也隨軍參戰，後來更勸諫司馬
昭立司馬炎為世子，待司馬炎即位晉王後
，和賈充一起逼曹奐禪讓。"
218,355,"魏臣，司馬懿之弟，太傅。堅守自己是魏
臣的立場，為曹髦之死落淚。司馬炎篡奪
帝位後，他仍追隨魏的廢帝曹奐。"
219,356,"魏、晉之臣。司馬孚之子，但過繼給司馬
朗當養子。擔任鄧艾的參謀與蜀漢作戰，
司馬炎即王位時被封為司徒。性貪財。"
220,279,"司馬昭的次子。由於司馬昭之兄司馬師無
子嗣，便過繼給司馬師。性格溫和，原本
要被立為世子，但司馬昭受諫不可亂長幼
之序，因此作罷。"
221,357,"東漢之臣，司馬懿之兄，官拜主簿。司馬
懿的兄弟個個優秀，號稱「八達」。根據
正史記載，他與東漢的司徒荀爽一起成為
名士的代名詞。"
222,339,"吳將。夷陵之戰中為孫桓的部將與蜀漢作
戰，與張苞對戰時，戰敗而逃，隔日被攻
入營中的張苞刺死。"
223,340,"曹操麾下之將，車騎將軍。呂布死後，劉
備進京面聖，他被命為代理暫管徐州，待
劉備返回，又受曹操之令暗殺劉備，但是
被關羽所斬。"
224,136,"五谿蠻之王，赤面碧眼，幫助劉備討伐東
吳，射殺東吳的猛將甘寧，但後來遭遇火
攻敗走時，被吳將周泰追擊而死。"
225,341,"吳將。諸葛誕叛亂之時，奉丞相孫綝之命
擔任援軍的先鋒，但接連吃敗仗，惹得孫
綝大怒，最後敗給司馬昭後，就被處斬了
。"
226,531,"東吳的合浦太守，脩則之子。父親被交趾
的守將毛炅所殺，後來在２７１年吳郡攻
打交趾時，斬殺毛炅報了父仇。"
227,342,"在演義中是為會稽太守王朗的麾下之將。
增援王朗與孫策軍的太史慈作戰，但是背
後受襲，逃入城中。後來與嚴白虎出城追
擊，中計被殺。"
228,343,"晉朝牙將。隨杜預討伐東吳，率領八百名
水軍攻打夏口，殺敵將孫歆、沈瑩，立下
大功。"
229,533,"晉的揚州刺史。２７９年，在征討東吳時
，隨同安東將軍王渾一起攻打牛渚，和討
吳護軍張翰共同大戰吳國的丞相張悌、護
軍將軍孫震、與丹陽太守沈瑩。"
230,20,"原是黃巾黨張寶的麾下之將，後來在臥牛
山落草為寇。爾後，遇到心中崇拜已久的
關羽，便成為其左右手。深諳水性。正史
中無此人。"
231,534,"東吳的前部督，合浦太守脩允之父。２６
８年，和交州刺史劉俊一起攻打交趾，但
敗給晉朝的毛炅，戰死。"
232,90,"吳將，與海賊伙伴蔣欽一起歸順孫策。宣
城被山賊攻擊時，雖身負重傷，仍奮力救
出孫權。夷陵之戰中，斬了蠻將沙摩柯。"
233,344,"魏臣，兗州刺史，率領討伐諸葛誕的右翼
軍。以鍾會的計策誘來敵軍，與石苞一同
率軍伏擊，獲得了勝利。"
234,345,"吳臣，鄱陽太守。假意投降魏將曹休，割
髮以博取信任，將曹休大軍引到石亭，自
己脫身而去。魏軍中了詐降計，受到攻擊
而大敗。"
235,91,"吳將，與主公孫策是連襟。按照孫策的遺
囑，輔佐年輕的孫權，赤壁之戰時擔任都
督指揮水軍，打敗曹操的大軍。英姿風發
，人稱美周郎。"
236,124,"吳將，負責守備防衛魏國的要塞濡須口，
用五千兵馬打敗曹仁率領的數萬大軍。孫
權即帝位後任命為前將軍。"
237,513,"吳將。娶孫權之女為妻，任職驃騎將軍，
但受到孫霸的親信讒言而左遷，後來又被
假詔賜死。只出現在正史裡。"
238,137,"南蠻王孟獲之妻，據說是火神祝融的後裔
。善武勇，慣使飛刀，曾經生擒張嶷、馬
忠，但自己隨即被魏延、馬岱所捉。"
239,267,"東漢之將，黃巾之亂時，與劉備、孫堅一
起討伐黃巾黨，立下戰功，因此被任命為
車騎將軍•河南尹。董卓死後，與李傕、
郭汜一起把持朝政。"
240,346,"吳將。夷陵之戰中率領水軍，追擊被陸遜
用火攻打敗的劉備，但是遇到趕來救援的
趙雲軍，大敗。"
241,347,"吳將。為孫氏三代效力的老將，勸說孫策
向袁術借兵自謀大業。後來被任命為吳郡
太守，赤壁之戰中擔任四方巡警使。"
242,377,"蜀漢之臣。與高定一起參加建寧太守雍闓
與孟獲聯手發動的叛亂，但中了諸葛亮的
離間計，被高定殺死。"
243,348,"曹操麾下之將。擔任監軍隨劉備討伐袁術
，但是沒完成監視的使命而返回。據正史
記載，曹操一直討厭他。"
244,44,"曹操麾下謀臣。曹操稱之為「我之子房（
即西漢著名軍師張良）」。反對曹操即位
為魏公，之後隨即病死，一說是自殺。"
245,293,"袁紹麾下之將，原來與袁紹、曹操同樣，
為西園八校尉之一。官渡之戰中把守烏巢
的糧倉，但由於喝得大醉，遭到曹操火攻
，被袁紹在盛怒之下斬首。"
246,638,"魏國的天水郡功曹，姜維的友人。由於姜
維中諸葛亮之計投降，因此他也被夏侯楙
懷疑通敵，於是和尹賞一起開城門降蜀，
之後被委任為天水太守。"
247,627,"晉朝的廣武將軍。２７９年，受司馬炎之
令，和龍驤將軍王濬一起下長江，攻入吳
國。"
248,628,"蜀將。２４９年參加姜維的第一次北伐，
和句安一起築麴山城以防魏軍，但被包圍
，於是殺出一條血路向姜維求援。"
249,251,"與高幹一起勸說冀州刺史韓馥，讓韓馥把
冀州讓給了袁紹，後來便成為袁紹的部屬
。贊同袁紹的討伐曹操計劃，並且親身投
入作戰。據正史記載，為荀彧之弟。"
250,157,"曹操麾下的大臣，荀彧之姪。擅長軍事方
面，在戰場上出過很多妙計。赤壁之戰時
與程昱一起隨軍出任參謀。"
251,535,"諸葛誕的武將。諸葛誕發動反叛司馬昭之
際，和蔣班一起加入叛變。在與司馬昭交
戰時，主張速戰速決，但不被接受，於是
投降。"
252,536,"鍾繇之子，鍾會之兄。８歲時與鍾會一起
拜見曹丕，鍾會臉色如常，他卻是滿面是
汗，曹丕問之，他回答「戰戰惶惶，汗出
如漿」。"
253,92,"蜀漢之臣。劉備在荊州時成為劉備屬下，
在內政方面發揮才能。北伐之時在後方支
援大軍，諸葛亮死後，他成為大將軍，負
責蜀國國政。"
254,93,"魏將，鍾繇的么兒。是司馬師、司馬昭的
心腹，和鄧艾一起滅了蜀漢。後來與降將
姜維聯手企圖獨立，但失敗遭魏兵所殺。"
255,349,"曹操麾下的幕僚。去勸說東吳舊友周瑜，
反而被周瑜將計就計。在正史當中，他前
去勸降時，被周瑜的忠義所感動，無言以
對而歸。"
256,350,"袁紹麾下之將。在黎陽郡迎接官渡大戰中
敗給曹操的袁紹，並且召集散兵，將袁紹
平安送回冀州。"
257,212,"吳將，與周泰一起成為名聲日盛的孫策的
手下。進攻南郡時擔任先鋒，但是大敗，
險些被處斬。征討關羽時，率領水軍包圍
了關羽。"
258,537,"蔣琬之子，蔣斌之弟。蜀漢降魏時，傳達
停戰消息給守在劍閣的姜維，翌年，在鍾
會發動叛變後，死在亂軍之中。"
259,351,"魏臣，主簿。勸阻曹操不可因害怕關羽進
攻而遷都。討伐東吳時，擔任參謀隨軍出
征。後來曹芳即帝位時，被提升為太尉。"
260,270,"蜀漢之臣，原本是劉璋的屬下。對天文有
研究，經常觀天象，勸諫孔明的出兵。從
劉備即帝位開始，直到蜀漢滅亡，均任職
光祿大夫。"
261,352,"蜀漢之將。姜維出兵伐魏，受命與傅僉一
起守備陽平關，但在鍾會軍攻到時，投降
獻關。"
262,184,"蜀漢將軍，向朗之姪。諸葛亮北伐時上奏
的「出師表」中，評價他品行公正，有軍
事才能。北伐時被任命統領後方部隊。"
263,629,"魏將。２２７年，諸葛亮開始北伐後，被
夏侯楙請出擔任魏軍的先鋒，但和其４名
兒子都戰死在趙雲之手。"
264,539,"諸葛誕的武將。當諸葛誕在壽春發起叛亂
，主張和司馬昭速戰速決，但不被接受，
於是和同僚焦彝一起投降。"
265,608,"吳將，陸抗的次子，陸遜之孫。當晉軍攻
打吳國時，在江陵迎戰杜預軍，敗走途中
，被晉國的張尚所斬殺。"
266,198,"魏臣。守衛長安，但是在馬超的猛攻之下
戰敗，使長安被奪。曹叡即位後，任命為
太傅。鍾會即是他的么兒。"
267,540,"東吳後期的武將。有果斷的軍事行動能力
，在陸機的「辯亡論」中，和丁奉等人都
名列其中。"
268,353,"劉備麾下大臣，向寵的叔父。一直為劉表
效力，在劉表死後，就歸順了劉備，之後
便輔佐關羽，守備荊州。"
269,265,"董卓麾下之將。遷都長安的途中，追擊中
了呂布伏兵襲擊而敗走的曹操軍，一箭射
中曹操肩頭，可是，自己卻被趕來救援的
夏侯惇殺死。"
270,94,"吳臣，諸葛瑾的長子。幼年時就聰明伶俐
，得到孫權喜愛。陸遜死後，成為太傅，
把持朝政，但在合淝新城打了敗仗，從此
失去人心，被孫峻暗殺。"
271,46,"東吳之臣，諸葛亮之兄。經魯肅推薦，為
東吳效力。胸襟寬廣、溫厚誠信，得到孫
權的深深信賴。一生都在致力於緩和蜀漢
與東吳的關係。"
272,298,"諸葛瑾、諸葛亮的小弟。與二哥諸葛亮在
臥龍崗一起過著晴耕雨讀的生活。諸葛亮
出仕後，也一起加入蜀漢，任長水校尉。"
273,607,"魏國的金城太守。２６３年，隨鄧艾攻打
蜀國，在沓中大戰姜維，燒了蜀軍在甘松
的營地。"
274,285,"蜀漢之將，諸葛瞻的長子，諸葛亮之孫。
精通各項武藝，隨諸葛瞻出戰，在綿竹關
擔任先鋒與鄧艾交手，但寡不敵眾而戰死
。"
275,354,"諸葛誕之子。赴往東吳作為人質，父親戰
死後仕官於吳，擔任右將軍迎擊晉軍，但
不敵而敗。吳國滅後，子諸葛恢則歸順於
晉。"
276,185,"蜀漢之臣，諸葛亮之子。十七歲時娶劉禪
之女為妻，在綿竹關迎擊魏軍，大破鄧忠
、師纂，但後來等不到援軍而出擊，戰敗
後自殺。"
277,95,"魏將，諸葛亮的堂弟，魏國鎮東將軍。不
滿司馬昭專橫跋扈，借助東吳之力發動叛
亂，但是失敗戰死沙場。當時屬下數百人
都為他殉死。"
278,45,"蜀漢的丞相，人稱「臥龍先生」。因受三
顧茅廬之禮而為劉備效力，在外交、內政
方面發揮出非凡的才能。五次北伐，最後
病死在五丈原。諡號忠武侯。"
279,37,"魏將。本是楊奉的部屬，但是接受滿寵的
勸說，因而歸順曹操。智勇兼備，成為曹
操的主力轉戰各地。受封為魏國的平南將
軍。"
280,361,"魏將，輔國將軍。慣使大斧，司馬師對其
武勇評價極高。與廖化、張翼交戰，將二
人擊退，但在鐵籠山與姜維交手，敗在姜
維槍下。"
281,39,"司馬徽的門下生。善擊劍。擔任劉備的軍
師表現活躍，但是由於其母落入曹操之手
，不得已而歸順曹操，臨走之時，向劉備
推薦了臥龍先生諸葛亮。"
282,125,"吳將。隨軍參加了赤壁、合淝、荊州等戰
役。曹丕進攻東吳時，被任命為安東將軍
指揮吳軍，用疑兵使魏軍混亂，最後獲得
勝利。"
283,511,"魏國武將，鎮壓外族有功。在諸葛亮第一
次北伐時為涼州刺史。嗜酒，違反了禁酒
令，但是機智的應付過去。正史中登場。"
284,358,"吳將，左將軍。跟隨張悌抵抗晉的攻勢，
由於戰局不利，曾一度勸說投降，但張悌
決心抗戰到底，便與張悌一起誓死作戰，
最後被晉將周旨所殺。"
285,457,"申耽之弟。和孟達一起投降魏國，並且任
金城太守。當孟達欲再次回歸蜀國時，與
兄長一同密告司馬懿，消滅了孟達。"
286,289,"吳臣，演義中是宦官。受吳帝孫皓寵愛，
因此更是助紂為虐。東吳滅亡時，群臣大
罵「今日之禍，皆岑昏之罪」，便將他砍
成肉泥。"
287,550,"辛毗之子，曹爽的參軍。當司馬懿謀反時
，聽從其姐辛憲英之言，趕往曹爽之處共
赴其難。"
288,359,"魏將，上庸太守。曹操放棄漢中以後，他
投降蜀漢，在孟達手下任上庸都尉，但又
勸說孟達降魏，後來還阻止孟達回歸蜀國
。"
289,96,"袁紹麾下大臣，荀彧評價他為人好強而無
謀。袁紹死後，擁立袁尚。在被曹操軍俘
虜後，拒不投降，死前面向主公所在的北
方受刑。"
290,186,"魏臣，辛評之弟。原本為袁氏效力，輔佐
袁譚，袁氏滅亡後改投入曹操軍中。曾送
聖旨給在五丈原與諸葛亮對峙的魏軍，阻
止了急欲出征的將士。"
291,158,"韓馥麾下大臣。韓馥逃亡後，為袁氏效力
，擔任袁譚的參謀，表現活躍。出任使者
去面見曹操時，被勸說留下，但他堅辭未
從。"
292,360,"劉璋麾下之臣。曾譴責劉備使者簡雍的傲
慢態度，日後成為劉備屬下，卻因勸諫討
伐東吳是無謀之舉，而被打入大牢。後來
在酒席上，說得東吳使者張溫無言以對。"
293,640,"晉的冠軍將軍，司馬炎的楊皇后之叔父。
２７９年，晉發兵征討東吳時，在杜預的
指揮下駐守襄陽，監督各軍。後來死於八
王之亂中。"
294,470,"河內太守張楊的屬下。眭固在張楊被楊醜
殺死後，殺掉楊醜投靠袁紹。後遭到曹操
軍的進攻，陣亡。據正史記載，是出身於
黑山的山賊。"
295,514,"東漢大臣。為了對抗黃巾黨眾，建議幽州
太守劉焉召募義勇軍。率領應召的劉備等
人在討伐黃巾黨時，立下了赫赫戰功。"
296,551,"公孫瓚麾下的漁陽太守。和原劉虞麾下的
鮮于輔所推薦的閻柔爭戰，遭閰柔所率領
的烏丸、鮮卑軍聯合軍襲擊漁陽，因而戰
死。"
297,362,"韓遂麾下的「旗本八騎」之一。和馬超一
起攻打長安，但是誤入敵人空營，被大軍
包圍，死在夏侯淵刀下。"
298,552,"吳將。２６４年，蜀漢被魏國滅後，在陸
抗的指揮下，與步協、留平等人一起攻打
巴東的羅憲。"
299,462,"魏、晉的武將。在諸葛誕叛魏後的討伐戰
中，率領伏兵表現活躍，後來晉朝建立，
被司馬炎封為驃騎將軍。"
300,474,"吳臣，薛綜之子，光祿勳。當晉軍攻入，
孫皓正準備自殺時，進言「何不效安樂公
劉禪？」。"
301,559,"薛綜之子，薛瑩之兄。２６１年被遣至蜀
漢，回國後，把蜀國的腐敗傳達給孫休知
情。後來與虞汜、陶璜等人攻打交趾，歸
途中病死。"
302,363,"吳臣，應孫權邀請，輔佐孫權。是管理民
政的能人，也是東吳屈指可數的文學家，
後來被任命為太子少傅。曾經舌戰諸葛亮
，但並非其對手。"
303,475,"吳將，全端之子，全琮之孫。率軍支援反
魏的諸葛誕，但被司馬昭的大軍包圍後投
降，降後封為魏國的偏將軍。"
304,558,"吳國的全琮之子，全端之弟，全禕的叔父
。魏國的諸葛誕發動叛亂時，被孫綝派往
增援，後來孫綝撤退到建業，就與全禕一
起投降了司馬昭。"
305,648,"蜀將。與握有實權的宦官黃皓不睦，被左
遷至巴東，擔任閻宇的副將。成都陷落後
，仍重兵鎮守以防東吳陸抗等人來犯。"
306,510,"公孫瓚麾下的武將。被任命為并州刺史，
負責防備袁紹，後來敗給幫助袁紹的曹操
軍。此人只出現在正史裡。"
307,649,"蜀將，李恢之姪。２６３年，魏國鄧艾發
兵攻打蜀國時，與諸葛瞻一起在綿竹關死
守，後來諸葛瞻父子陣亡，隨即和張遵、
黃崇等人殺出，最後戰死。"
308,249,"吳將。在討伐山越時立下大功。與陸遜一
起出兵，大破周魴詐降騙來的魏軍，打敗
魏國的薛喬，獲得勝利。"
309,476,"吳將，全琮之子，全懌之兄。呼應諸葛誕
叛亂的孫楙命令他守備壽春，與魏軍交戰
，但他採納兒子全禕的建議，與全懌一起
投降。"
310,364,"曹丕之子（正史中為曹操之子），燕王。
曹叡命他為大將軍，輔佐曹芳，他堅持不
受。"
311,59,"魏國第二代皇帝。重用司馬懿、曹真等人
與蜀漢、東吳抗爭。或許是諸葛亮之死使
其自認高枕無憂，晚年極度奢華，不斷營
造宮宇，使魏國走向衰敗。諡號魏明帝。"
312,277,"魏國燕王曹宇之子，魏朝最後的皇帝。被
司馬昭迎回即位，但又遭到晉王司馬炎逼
迫禪讓退位，降為陳留王。"
313,365,"魏將，曹真的次子，曹爽之弟。提醒奪得
司馬懿兵權後傲慢無度的兄長，要對司馬
懿提高警戒。後來司馬懿發動政變，將他
與其兄同罪處斬。"
314,97,"魏將，曹操的族子。曹丕時代歷任鎮南將
軍、征東大將軍。對吳作戰時，中了周魴
的計謀，打了大敗仗，後來心痛而死。"
315,366,"魏將，曹真的三子。兄長曹爽奪取司馬懿
的兵權後，任命他為武衛將軍，後來司馬
懿發動政變奪回兵權，便把他處死。"
316,367,"呂布麾下之將。見同僚侯成因小事而遭杖
責，心生不滿，便與侯成、魏續一起投降
了曹操。後來與袁紹軍交戰時，死在猛將
顏良刀下。"
317,595,"東吳末期的武將。聽從張悌之計，任都督
之職，在江陵迎擊晉朝的杜預，但失敗被
擒，遭到處斬。"
318,187,"曹操的長子。當曹操遭到張繡的夜襲，在
敗軍之中，把自己的馬讓給曹操，曹操因
此脫險，但自己卻沒能逃脫而戰死。"
319,47,"魏將，曹操的堂弟。曹操起兵時，與曹仁
一起加入，成為曹軍的中流砥柱，轉戰各
地，表現活躍。曹丕即位後，歷任魏國衛
將軍、驃騎將軍。"
320,368,"曹仁之弟。率領曹操軍的精銳部隊「虎豹
騎」。出兵救援鎮守南郡的曹仁，但是敗
給東吳都督周瑜。"
321,21,"曹操之三子（卞氏所生）。勇武過人，是
赤手打死過猛獸的猛將，綽號「黃鬚兒」
。在爭奪漢中的戰役中，救出被敵軍追擊
的父親曹操。"
322,48,"曹操之四子（卞氏所生），與曹丕爭奪太
子之位。極富詩文才華，留給後世很多詩
作。死後，在杜甫出現以前，人們一直稱
他為「詩聖」。"
323,98,"魏將，曹操的族子，曹丕死前的託孤之臣
。擔任大都督，與蜀漢的北伐軍作戰，但
是在諸葛亮的妙計下敗戰連連，更因收到
挑釁的信件，氣憤而死。"
324,24,"魏將，曹操的堂弟。精通各種武藝，擅長
射箭、騎馬。赤壁之戰後守備荊州，曹丕
時代則擔任魏國的大司馬。"
325,369,"呂布麾下的武將。見同僚高順被夏侯惇追
趕，在亂軍之中放箭射瞎夏侯惇的左目，
但馬上就遭到被激怒的夏侯惇刺死。"
326,60,"魏王。黃巾大亂之際，身為騎都尉參加討
賊，從此顯露頭角。董卓死後，縱橫亂世
，南征北戰，構築了大國魏國的基礎。死
後被追諡為魏武帝。"
327,99,"魏將，曹真的長子。與司馬懿一起受命輔
佐年幼的曹芳，假意奉司馬懿為太傅，卻
自己掌握了實權，但後來被司馬懿暗算，
誅連三族。"
328,561,"曹操之子。天資聰穎，深受曹操喜愛，但
十三歲便病死，曹操嘆息著對曹丕等人說
「此我之不幸，而汝曹之幸也」。"
329,261,"原為陶謙的屬下，在討伐黃巾黨時表現活
躍，後來成為呂布的屬下，四處轉戰。對
曹操作戰時，結納山賊抵抗，令曹操頭疼
。呂布滅亡後，歸順了曹操。"
330,61,"魏國開國皇帝，曹操的次子（卞氏所生）
。繼承魏王之位以後，強迫獻帝禪讓，奪
取了帝位。攻打蜀漢、東吳，皆無戰果。
追諡魏文帝。"
331,281,"陶謙的部屬。當曹操攻打徐州，正欲與夏
侯惇單挑時，突然狂風驟起，因而撤退。
後來成為劉備的屬下，但是與張飛相爭，
最後被斬殺身亡。"
332,275,"曹叡的養子，年僅八歲便即帝位。發詔給
夏侯玄等人密謀誅殺司馬氏，但被發覺，
被司馬師奪去帝位，降為齊王。"
333,276,"曹丕之孫。曹芳被廢後不久，便被司馬師
立為魏帝。由於憂心司馬氏的專橫，親自
率領親信欲討伐司馬昭，卻被成濟所殺。"
334,274,"曹操的五子（卞氏所生）。由於體弱多病
，沒有參加曹操的葬禮，曹丕派使者前去
責問時，因害怕罪責而自殺了。"
335,562,"沮授之子。官渡之戰後，曹操攻打冀州時
，受袁尚之命守備邯鄲。後來與張遼交戰
，遭到射殺。"
336,100,"袁紹麾下大臣。屢次勸說討伐曹操均不被
採納，還被打入大牢，後來袁紹戰敗，不
但拒絕投降曹操，更千方百計逃跑，最後
曹操只好將其殺之。"
337,370,"黃祖麾下之將，江夏都督。勸說海盜出身
、得不到重用的甘寧另謀出路，後來雖被
孫權軍俘虜，但是被已經歸降孫權的甘寧
救下性命。"
338,371,"孫堅麾下之將。討伐董卓之際，孫堅敗陣
後，他戴上孫堅的頭巾掩人耳目，助當時
被華雄包圍的孫堅順利逃走。"
339,570,"東吳的外交官。前往晉國弔問司馬昭，說
退賈充、裴秀等人的問答，並和羊祜、何
楨交好，但在歸途中病死。"
340,183,"吳將，孫韶的三子。為了救援受到魏軍攻
打的蜀國，隨丁奉前往蜀地，但晚到了一
步。後來昇任為領軍將軍。"
341,287,"孫權的次子（正史中為三子），東吳最後
的皇帝孫皓之父。因其姊全公主的讒言而
被孫權疏遠，後來被孫峻賜死。"
342,214,"吳將，被孫策賜與孫姓。夷陵之戰中折損
了部屬李異、謝旌等人，但當夷陵城被蜀
軍包圍時，以死守等到了陸遜的援救。"
343,609,"吳將，留贊之子。上諫暴虐無道的孫皓，
惹來孫皓大怒，因而遭到處斬。"
344,188,"孫權的六子，東吳第三代皇帝。大將軍孫
綝廢孫亮後，被擁為皇帝，即位後，便和
丁奉一同誅殺孫綝。"
345,372,"孫堅的四子。父親死後逃往江南，因曹操
想與孫策結好，便使他娶了曹操的堂弟曹
仁（正史為曹操之弟）的女兒為妻。"
346,373,"吳將，驃騎將軍。晉軍攻吳時，領一軍赴
夏口守衛，但遭受晉將周旨夜襲時，大驚
「北來諸軍乃飛渡江也？」，被周旨斬於
馬下。"
347,62,"有人認為他是孫子的後裔。討伐黃巾時建
立功勳，成為長沙太守。在討伐董卓聯軍
中擔任先鋒。與袁術、劉表鬥爭，在襄陽
戰死。後來被追諡為武烈帝。"
348,159,"劉備麾下大臣。陶謙死時，曾推薦他輔佐
劉備。劉備流浪時代，他身為參謀、外交
官鼎力相助。劉備入蜀後，其待遇居糜竺
之次。"
349,64,"吳國開國皇帝，孫堅的次子。由於其兄孫
策猝死，而繼任其位。赤壁之戰中，與曹
操的大軍作戰，獲得勝利。２２９年，即
帝位創建吳國。諡號吳大帝。"
350,272,"東吳最後的皇帝，孫和之子。即位前的評
價極高，但即位後卻殘暴異常，終致人心
大失。被晉攻打後投降，封為歸命侯。"
351,63,"孫堅的長子。靠著從袁術處借來的三千人
馬打江山，不久即平定江東一帶，人稱「
小霸王」。但後來打獵時遭到襲擊，傷重
不治，英年早逝。"
352,210,"東吳的前將軍，孫匡之孫。守備夏口，但
因懼怕孫皓的暴虐，因此投向晉國，並被
封為驃騎將軍。當吳國滅亡時，大哭「悠
悠蒼天，此何人哉」。"
353,571,"晉將，只出現在演義中。隸屬於杜預的麾
下，攻打江陵，斬殺了東吳的陸景。"
354,374,"吳將，孫靜的曾孫。被諸葛恪奪去了御林
軍的指揮權，後來與滕胤一起在酒席上誅
殺專橫無度的諸葛恪，因此功績被封為丞
相、大將軍。性格傲慢。"
355,375,"孫桓的堂弟，孫堅從俞家認領來的養子。
迎擊魏軍的時候，與徐盛意見不一致，獨
自發兵致使魏軍混亂，並且得丁奉等人相
助，最後大獲全勝。"
356,538,"孫堅之女，吳夫人所生，又名孫仁。嫁給
劉備，但因孫權和劉備不和，於是返回東
吳。夷陵之戰時，聽聞誤報劉備已經戰死
，遂投江殉命。"
357,572,"袁術的武將。當袁術起兵討伐呂布時，率
領第三軍作戰，但結果大敗。後來曹操來
犯，死守在壽春，被擒後遭處死。"
358,376,"孫堅之弟。兄長攻打劉表前，他勸說因積
怨而發兵實為不妥。孫堅死後，輔佐姪子
孫策。後來守備故鄉會稽。"
359,526,"黃巾黨將士。和韓忠、趙弘共同攻佔宛城
，與朱䊵、劉備等官軍進行交戰，戰敗正
欲逃走時，被劉備射中落馬。"
360,378,"吳臣，孫峻的堂弟。因暗殺滕胤等人而手
握兵權，廢吳帝孫亮，擁立孫休，但中了
受孫休之命的丁奉策略，被滿門抄斬。"
361,286,"孫權的長子。孫權即帝位時，被冊封為太
子。聰明且德高，被寄與厚望，但是年紀
輕輕的就病死了。"
362,573,"晉將，羊祜的部屬。當羊祜要飲用吳國陸
抗贈送的酒時，他曾懷疑那是不是毒酒。"
363,379,"吳將。孫靜的次子，孫權的堂弟（正史為
堂兄）。周瑜以替劉備伐蜀為藉口，欲進
攻荊州時，他奉孫權之命率軍與周瑜會合
。"
364,215,"吳將，孫堅的三子，丹陽太守。如同長兄
孫策般的勇猛，但是脾氣粗暴，酒醉後鞭
打士兵，因此在宴席上被手下暗殺。"
365,216,"孫權的三子（正史中為七子），東吳的第
二代皇帝。聰明伶俐，見孫綝專橫欲殺之
，但未果，於是被廢帝位，降為會稽王。"
366,380,"魏將，在大石山打獵時，打死突然跳到曹
叡面前的老虎，立下大功。擔任曹真、司
馬懿麾下的將軍，在對蜀作戰中表現活躍
。"
367,381,"孫堅的五子，庶子（生母是吳國太）。孫
堅死後，逃往江南。後來成為吳國的定武
中郎將。"
368,574,"魏將。參與鎮壓諸葛誕的叛亂，為了擊破
協助諸葛誕的吳軍，用牛馬載著酒和布放
入敵營，造成了敵軍混亂。"
369,482,"吳將，太史慈之子。父親死後，被接到孫
權府中，後來任東吳的越騎校尉。"
370,22,"吳將。曾受母親之命，解救了北海太守孔
融的危機，後來投靠劉繇，但當劉繇敗給
孫策後，便歸順孫策。最後在跟隨孫權攻
略合淝時戰死。"
371,138,"孟獲之妻祝融夫人之弟。向與蜀漢軍交手
，卻連戰連敗的孟獲推薦木鹿大王、兀突
骨，勸其邀請他們出擊。"
372,560,"魏將。奉司馬懿之命，擔任張郃的副將襲
擊諸葛亮的營地，但反被包圍，讓張郃救
出。後來當諸葛亮和司馬懿比陣時被捉，
以墨塗面釋回。"
373,139,"南蠻禿龍洞的元帥，孟獲之弟孟優的友人
，號稱南蠻第一智者。幫助處於劣勢的孟
獲，用禿龍洞的四眼毒泉與諸葛亮對抗。"
374,230,"吳將。與蜀漢軍的戰鬥中，為了幫助自軍
的李異，箭射張苞的座騎，使張苞落馬。
第二天被關興生擒，在蜀漢營中遭斬首。"
375,290,"劉表麾下之將，蔡瑁的心腹。與蔡瑁一起
投降曹操，被任命為水軍副都督。而由於
周瑜的計策，被懷疑謀反，與蔡瑁一同處
斬。"
376,9,"蜀漢之將。先後為袁紹、公孫瓚效力，後
來追隨劉備。在長阪坡之戰中，單騎殺入
曹操百萬軍中，救出劉備之子阿斗（後來
的劉禪）。蜀漢五虎大將之一。"
377,383,"五斗米道的教祖張魯之弟。曹操攻打漢中
的時候，主張徹底抗戰。後來逃往巴中，
與許褚交手時被殺。"
378,385,"揚州刺史劉繇麾下的武將。孫策興兵來犯
時，誇下海口說可領一軍守住牛渚，但不
敵而敗，後來在秣陵（建業）被孫策麾下
的陳武刺死。"
379,575,"陳武之子。年少時就頗有名聲，和諸葛恪
、顧譚、張休同是孫登的學友。曾隨諸葛
恪討伐山越，表現活躍，但三十四歲便英
年早逝了。"
380,384,"黑山山賊的頭目。曹操打敗袁譚後，率領
十萬大軍投降曹操，因為此項功績，被任
命為平北將軍，受命鎮守北方要害。"
381,386,"韓遂麾下，「旗本八騎」之一。與馬超一
起攻打長安，但是在渭南的混戰中陣亡。"
382,387,"吳臣，中郎將。出任吳蜀同盟的答禮使者
，與鄧芝一起赴蜀國完成了大任，但因讚
美蜀漢的治理惹來孫權不悅，被幽禁。"
383,477,"晉臣，秘書丞。與晉帝司馬炎下棋時，杜
預呈上奏表伐吳，他大表贊同，後來又反
對賈充的消極論，惹來賈充大罵。"
384,388,"黃巾黨。黃巾之亂後，在陶謙的手下作都
尉。奉命護衛曹操之父曹嵩，但見財起了
歹念，於是殺死曹嵩，奪去財寶逃走了。"
385,520,"鉅鹿郡的在野之士。身為太平道教祖向民
眾宣傳教義，趁亂世得到了廣大民眾的支
持，接著便組織黃巾黨反對朝廷，掀起了
黃巾之亂。"
386,391,"魏臣。被夏侯淵推薦為京兆尹，與夏侯淵
一起守備長安。據正史記載，後來歷任雍
州刺史和涼州刺史，施政績效相當不錯。"
387,273,"吳臣，張昭的次子，著名文人。因為與太
子孫登親近，成為右弼。孫登死後，受人
讒言遭降職，最後被勒令自殺。"
388,553,"魏將。隨曹叡在合淝迎擊響應諸葛亮第五
次北伐的吳軍，協助滿寵火攻諸葛瑾的船
隊，順利的打退吳軍。"
389,576,"曹植的近側，知名文人。曹操死後，使者
來問罪曹植為何沒參加葬禮時，他痛批曹
丕而遭到處死。"
390,217,"蜀漢將軍，參加諸葛亮的南征、北伐，表
現活躍，後來在欲救出姜維時戰死。正史
中記載他平定外族，並得到他們的信任，
盡力於治下安定。"
391,389,"袁術麾下之將，都督。袁術稱帝後，被封
為大將軍。統帥二十萬大軍與呂布軍交戰
，但是大敗而回。"
392,577,魏臣，負責任教曹髦，歷職司空、司徒。
393,390,"魏將，名將張遼之子。曾經夜襲祁山的蜀
軍，但是失敗。討伐公孫淵時，在司馬懿
指揮下表現活躍。"
394,101,"吳臣，與張昭一起並稱為「二張」。由周
瑜推薦，以謀士身份加入，隨軍參戰過赤
壁、合淝之戰。臨終前，建議孫權遷都建
業。"
395,25,"魏將，本是袁紹的屬下，但是由於郭圖之
計，身陷絕境，與高覽一起歸順了曹操。
主要活躍於對蜀作戰中，街亭之戰時包圍
馬謖，並大獲全勝。"
396,241,"趙雲的次子，與兄長趙統一起將父親的死
訊報告諸葛亮。被任命為牙門將，守衛父
親陵墓。正史記載此人在姜維的麾下隨軍
出征，死於前線的沓中。"
397,527,"黃巾黨將士。和韓忠、孫仲共同率軍佔據
宛城，與朱䊵等官軍進行交戰，被趕來增
援官軍的孫堅挑落馬下，戰死。"
398,392,"董卓麾下之將，車騎將軍，張繡的叔父，
娶了傾國美女鄒氏為妻。由於軍糧不足，
因此去攻打南陽的劉表，但中了流箭身亡
。"
399,160,"張濟之姪。張濟死後，率軍協助劉表，與
曹操對立，藉由軍師賈詡的妙計，幾次取
勝。後來經賈詡勸說，歸順了曹操，並得
到重用。"
400,630,"魏國的尚書。司馬師得知孫權死亡的消息
後，勸諫司馬師發兵討吳，後來毌丘儉叛
亂，也跟隨司馬師謀定作戰之策。"
401,631,"魏將。鍾會伐蜀時，以士兵的身份參戰，
在攻打漢中之際，射倒突擊鍾會的盧遜，
因此功績而昇任護軍，之後更攻破漢城，
降伏了蔣斌。"
402,102,"孫權麾下大臣，「二張」之一。由周瑜舉
薦，作了孫策的謀士，孫策臨終前留下遺
言：「內事不決問張昭」。"
403,50,"劉璋麾下大臣。為了阻止張魯進攻蜀地，
欲使劉備替代軟弱的劉璋為蜀主，但計劃
敗露，被視為叛臣遭處斬。"
404,393,"蜀漢大臣，侍中。張飛的次子。蜀漢投降
時，與譙周一起將玉璽交給鄧艾。等鍾會
死後，劉禪被送到洛陽，他也隨行，被封
為列侯。"
405,556,"吳將。蜀國的諸葛亮發動第五次北伐時，
奉孫權之命與孫韶一起從廣陵攻打淮陰。"
406,610,"吳臣，大司農。因為勸諫吳帝孫皓的暴政
，遭到處死的大臣之一。"
407,578,"魏官，丁斐之子，曹爽的心腹。為了便於
監視，使司馬懿成為太傅，而使曹爽的權
力大增，後來司馬懿發動政變，將之三族
皆斬於市。"
408,218,"劉璋麾下之將。在落鳳坡射殺了劉備的軍
師龐統，敗戰後被俘，劉備勸降，他卻以
「忠臣不仕二主」加以拒絕，從容就義。"
409,478,"魏臣，黃門侍郎。強烈反對司馬炎逼迫魏
帝曹奐禪讓，因此惹得司馬炎大怒，令手
下士兵將其亂棒打死。"
410,213,"吳臣，東吳最後的丞相。面對晉的大軍仍
然奮戰到底，沈瑩等人提議投降，他回以
「今若君臣皆降，無一人死於國難，不亦
辱乎」，最後死於亂軍之中。"
411,219,"趙雲的長子。將父親趙雲病死的消息，報
告給諸葛亮，隨後也報告劉禪，被任命為
虎賁中郎，與弟弟趙廣一起守衛埋葬父親
的錦屏山。"
412,632,"步騭之子，步闡之兄。２６４年攻打舊蜀
漢的領地，和陸抗、留平、盛曼等人一起
包圍了羅憲守備的巴東。"
413,463,"蜀漢將軍。參加關羽復仇之戰，與吳班、
馮習一起圍攻夷陵城。蜀軍敵不過火攻敗
退之後，他在救援劉備途中，受到吳軍夾
擊，力戰而死。"
414,269,"陳留太守，討伐董卓的第六鎮諸侯。本來
與曹操是好友，可是經陳宮勸說後，背叛
曹操。曾勸呂布攻打兗州，但是失敗了。"
415,65,"桂陽太守。赤壁之戰後，歸降於前來攻打
桂陽的趙雲。原本欲將守寡多年的嫂子樊
氏嫁與趙雲，卻惹得趙雲大怒。"
416,1,"蜀漢五虎大將之一。與劉備、關羽結為異
姓兄弟。在長阪坡之戰中，單槍匹馬在長
阪橋上，喝退曹操百萬大軍的追擊。正史
中記載他字翼德。"
417,395,"吳將，左將軍。受吳帝孫休之命，與丁奉
一起誅殺暴虐的丞相孫綝，後來擁孫皓即
位，但勸諫孫皓的專橫招怒，滿門被斬。"
418,103,"蜀漢將軍，張飛的長子。手持張飛死時留
下的蛇矛，在夷陵之戰中初露鋒芒。關羽
、張飛死後，他與義兄關興成為蜀軍的中
流砥柱。"
419,521,"張角之弟。和張角一起舉兵反對朝廷，發
動黃巾之亂。自稱地公將軍，利用兄長傳
授的妖術指揮叛亂，後被其屬下嚴政殺死
。"
420,483,"東漢的上黨太守。率領反董卓聯盟之第十
五鎮，後來擔任河內太守，赴洛陽營救獻
帝。在曹操與呂布作戰時，欲支援呂布，
卻被屬下楊醜殺死。"
421,202,"蜀漢將軍。原本是劉璋麾下之將，後來投
降劉備，在南征北討中統軍表現活躍。自
車騎將軍夏侯霸死後，與廖化分封其位，
任左車騎將軍。"
422,14,"魏將，曾為呂布的屬下轉戰各地。與關羽
英雄相惜。呂布戰敗身亡後，改投曹操軍
中。守衛合淝之時，僅憑八百士兵就擊退
了十萬吳軍。"
423,522,"張角、張寶之弟。和兄長們一起舉兵反對
朝廷，發動黃巾之亂，自稱人公將軍。張
角死後仍然指揮叛亂，後來敗給官軍，在
曲陽戰死。"
424,396,"關羽麾下大臣，忠節無比之人。任關羽的
參謀，後來隨著敗走的關羽從麥城逃出，
但遇到東吳的伏兵，戰死。"
425,66,"五斗米道的師君（教祖），在漢中郡一帶
形成勢力。與曹操軍對陣時戰敗，但因為
他不燒倉廩府庫，而得到曹操的好評。投
降後被任命為鎮南將軍。"
426,397,"揚州刺史劉繇麾下的部將。與薛禮、張英
一起守衛秣陵（建業），後來被前來攻打
的孫策麾下之將蔣欽射殺。"
427,597,"東吳的中書令。當晉軍迫近，吳帝孫皓正
打算自殺時，他和光祿勳薛瑩上奏不如效
仿劉禪，降晉保命。"
428,579,"魏將。２６３年，參加鍾會與鄧艾率領的
蜀漢討伐軍，在江由大戰蜀軍，並獲得勝
利。"
429,104,"東漢的中牟縣令。與暗殺董卓失敗的曹操
同行，但不滿曹操的無情無義而與之分離
。後來成為呂布的謀士，戰敗後被俘，自
己輕步下樓，引頸就刑。"
430,262,"魏臣。與曹仁一起鎮守南郡，但是敗在諸
葛亮的妙計之下。後來成為尚書，對曹丕
即帝位有所貢獻。明帝曹叡的時代，升任
司徒。"
431,105,"魏臣。制定法令「九品官人（中正）法」
，整頓魏國的任官制度。曹丕死後，他任
鎮軍大將軍，與司馬懿、曹真一起輔佐曹
叡。"
432,299,"徐州的名士，陳登之父。素懷憂國之志，
因此背叛呂布，作了曹操的內應。與兒子
陳登一起算計呂布，對劉備、曹操的勝利
有所貢獻。"
433,398,"魏將，安東將軍。諸葛誕叛亂時，擔任鎮
壓部隊的副先鋒，與呼應諸葛誕的吳軍作
戰，獲得了勝利。司馬炎即位晉王後，封
之為車騎將軍。"
434,580,"東吳的蒼梧太守。２７１年，與虞汜一起
由晉軍手中奪取交趾，並成為交州牧，後
來郭馬叛變，前往救援討伐軍的滕脩。"
435,295,"蜀漢之臣。師事譙周，精通歷史。蜀漢滅
亡後仕官於晉，編撰『三國志』，雖然是
私撰之書，但在陳壽死後列為正史。"
436,581,"東吳的中書郎。孫綝擁立孫休時，與孫楷
一起被派遣至孫休處。到孫皓即位，任職
中書令、司徒。"
437,399,"蜀漢之將。有一說，認為此人是陳壽之父
。在定軍山曾被敵人俘虜，但是與夏侯尚
交換戰俘得以返回。第三次北伐中，追擊
魏軍失敗，被追究戰敗的責任，遭斬首。"
438,242,"劉備麾下大臣，原來是袁紹屬下。劉備寄
身在袁紹軍中之時，將劉備的書信送交給
關羽。劉備成為荊州牧後，請出他擔任從
事。"
439,199,"魏臣，陳群之子，統率軍隊的能力在其父
之上。當司馬氏在朝中專橫，魏帝曹髦死
時，他著喪服入宮以表對魏國的忠義。官
拜尚書令。"
440,220,"陳珪之子。劉備從陶謙手中接掌徐州時，
成為劉備屬下，但劉備敗給曹操後，便投
降曹操，得到太守的地位。"
441,502,"蜀漢之將。劉備在豫州時就成為劉備屬下
，轉戰各地。名聲、地位也僅次於趙雲，
為忠勇之士。劉禪即位後，任永安都督、
征西將軍。此人只在正史中有記載。"
442,582,"蜀漢的鄧芝之子。２６３年，當劉禪受到
鄧艾攻打決定投降時，與譙周、張紹一起
擔任獻降的使者。到了晉朝，被任命為廣
漢太守。"
443,221,"吳將。容貌怪異，黃臉赤目，與劉繇作戰
時投入孫策麾下。赤壁之戰中，以第四位
大將的身份參戰，在濡須被龐德殺死。"
444,252,"袁術麾下之將。攻打徐州時任副將。因不
滿袁術自立為帝，夥同雷薄佔山為寇，後
來襲擊落難的袁術，掠奪其財寶。"
445,400,"著名文人，「建安七子」之一。被袁紹以
記室（書記）錄用，寫過討伐曹操的檄文
。後來被曹操俘虜，曹操惜其才而用之。"
446,106,"曹操麾下的謀士。原名立，夢見自己手持
日暈而改名。由荀彧薦舉為曹操效力，擔
任軍師表現活躍。身材高碩，長八尺三寸
。"
447,523,"黃巾黨將士。率叛軍五萬人攻打幽州，在
大興山腳下與劉備率領的義勇軍交戰，只
一個回合就被初上陣的關羽斬於馬下。"
448,583,"姜維的副將。２６３年，向當時被魏國的
諸葛緒斷了退路，正陷入進退兩難的姜維
進言，姜維聽其言攻打雍州，誘出諸葛緒
而得以退到劍閣。"
449,401,"韓遂麾下的「旗本八騎」之一。與馬超軍
一起攻陷長安，後來在渭南與曹操軍交戰
，和同僚張橫等一同戰死。"
450,532,"并州（演義中則是荊州）刺史。接受何進
請求，率軍進入洛陽。與主張廢少帝的董
卓對立，被養子呂布背叛斬殺。"
451,584,"晉將，令孤愚的食客。把因王淩叛亂而被
開棺曝屍的令孤愚遺體運回安葬。日後鮮
卑犯晉，奉命率軍討伐，平定了西平。"
452,585,"曹爽的心腹之一。曹爽奪取司馬懿之權後
，任職司隸校尉，後來司馬懿叛變，被補
後三族盡誅。"
453,161,"吳將，慣使鐵脊蛇矛。孫氏三代元老，身
經百戰。赤壁之戰中出任副都督協助正都
督周瑜，在長江之上擊敗曹操大軍。"
454,402,"魏臣，程昱之子。與蜀軍作戰時擔任夏侯
楙的參軍，建議夏侯楙以伏兵對付趙雲，
成功的圍困住趙雲。"
455,403,"吳臣。出任使者去與前來為關羽報仇的蜀
軍講和，並將張飛的首級送回，但是劉備
伐吳的意志非常堅定，講和因此失敗。"
456,189,"吳將。初次上陣就打敗魏國名將張遼，多
有活躍表現。誅殺孫綝，成為大將軍。後
來奉命去救援眼見就要滅亡的蜀漢，可惜
為時已晚。"
457,611,"吳將。孫峻死後，被掌握實權的孫綝所殺
害的大臣之一。在正史中，他和孫憲一起
共謀暗殺孫綝，被發覺而遭殺身之禍。"
458,13,"曹操麾下之將，威猛雄壯，綽號「惡來」
，乃取自古代豪傑之名。在宛城遭到張繡
夜襲時，為了掩護曹操脫險，赤手空拳奮
戰而死。"
459,512,"被公孫瓚任命為青州刺史。和劉備一起在
對袁紹作戰中表現活躍。陶謙受到曹操軍
攻擊時，與劉備一起前去救援。此人只出
現在正史裡。"
460,586,"晉臣。在司馬炎採納羊祜的上奏，正準備
發兵討吳時，與賈充、荀勗等人同聲反對
，中止了這項行動。"
461,404,"魏將，田疇的族孫。參與鍾會、鄧艾伐蜀
，因對鄧艾懷有舊怨，趁鍾會之亂時，斬
殺了正被運送回京的鄧艾父子。"
462,405,"袁紹麾下大臣。曹操在尋找熟悉北方地理
的人時，找到他來帶路去烏丸，因此項功
績和追認其對袁氏的忠義，被封為議郎。"
463,107,"袁紹麾下的謀士，荀彧稱其剛直的性格為
其主公所不容。反對與曹操作戰，進言打
持久戰，因而被打入大牢，後來由於逢紀
的讒言，被賜死於大牢之中。"
464,515,"曹操麾下的大臣，典韋之子。受張繡襲擊
，其父典韋戰死，而後被曹操任命為中郎
之職，在其身邊輔佐。"
465,554,"魏將。吳軍響應諸葛亮的第五次北伐北上
後，他奉曹叡之命前去增援襄陽，使陸遜
的計謀以失敗告終，吳軍只好撤走。"
466,231,"吳臣，太常卿。與孫峻合謀，誅殺專橫無
度的諸葛恪，因此功績被封為吳國大司馬
。後來企圖暗殺殘暴無比的孫綝，卻反而
被孫綝所殺。"
467,164,"蜀漢之臣，與諸葛亮、蔣琬、費禕並稱「
四相」。他在朝之時，使宦官黃皓無法為
所欲為。為人謙虛且光明正大，官拜蜀漢
黃門侍郎。"
468,126,"魏將。其才能得到司馬懿的賞識，在對蜀
漢作戰中表現活躍。與鍾會聯手滅了蜀漢
，但兩人卻是互不兩立，最後被擒住押往
洛陽途中，遭到暗殺而死。"
469,612,"東吳的司徒，孫皓之母何氏之弟，孫皓的
叔父。２７９年，司馬炎發兵討伐東吳，
曾被孫皓詢問應對之策。"
470,406,"蜀漢大臣。跟隨諸葛亮參加南征、北伐，
與姜維一起守備劍閣以阻擋魏國的進攻。
蜀漢滅亡後，因為心痛，病發身亡。"
471,67,"徐州牧，參與討伐董卓的諸侯之一。由於
曹操來犯，請求孔融、劉備救援。後來病
倒，懇求劉備治理徐州。"
472,407,"劉璋麾下之將，孟達的外甥。跟隨孟達先
後為劉備、曹丕效力，後來孟達反叛魏國
時，見事不可為，便投降了司馬懿率領的
討伐軍。"
473,587,"文欽之子，文鴦之弟。諸葛誕發起叛亂時
，與父兄一同參戰。當文欽向諸葛誕進諫
言被斬後，和文鴦一起躍過城牆，投降了
魏國。"
474,190,"蜀漢大臣。劉備死後，出任蜀吳結盟的使
者，往返於蜀、吳之間，成功地完成任務
。北伐時與趙雲一起任先鋒統軍，是智勇
兼備的名將。"
475,408,"吳將。諸葛誕發動叛亂反對司馬氏時，被
派遣去增援。戰敗後遭俘虜，於是投降了
魏國，後來在魏國得到重用。"
476,222,"吳將。向孫策介紹了虞翻、華佗。在濡須
口防衛戰中英勇戰鬥，但是由於大風使得
座船傾覆，溺水而死。後來孫權尋得屍體
，才將之厚葬。"
477,633,"魏將。夜襲五丈原的諸葛亮陣營，卻反被
陷於陣中，死於亂軍之下。"
478,394,"吳將。率水軍迎戰晉的進攻，但二萬士兵
在一晚之間全部逃走，未戰先敗。"
479,409,"東漢的將軍，車騎將軍，董貴妃的兄長。
獻帝授與命他誅殺佞臣曹操的玉帶，但圖
謀殺曹操的事被下僕秦慶童發現後密告，
遭處斬。"
480,263,"東漢之臣，官拜正議郎。勸說獻帝、曹操
遷都許昌。曹操即魏公時，執筆撰寫推舉
的奏章。"
481,68,"東漢的并州刺史，應何進召集進宮，乘混
亂掌握權勢。廢少帝、遷都長安，自居太
師之位，暴虐無度，最後被王允、呂布誅
殺。"
482,410,"魏將，鄧艾之子，隨父親在段谷大破姜維
。長城之戰中，曾和姜維戰得不分高下，
後來中了鍾會之計，與父親一起被補遭暗
殺。"
483,588,"孫權麾下的武將，慣使方天畫戟。赤壁之
戰後，孫權攻打合淝時，迎擊來戰孫權的
魏將樂進，卻被李典射死。"
484,142,"南蠻王孟獲麾下之將，第二洞元帥。與阿
會喃等人一起擔任孟獲的援軍參戰，但是
被俘虜，後被諸葛亮釋放。"
485,634,"步騭之子，步協之弟，曾上奏遷都武昌。
２７２年，吳帝召他回京，他自覺有殺身
之惑，因而降晉，後來被陸抗討伐擒獲，
遭到處斬。"
486,411,"董卓之弟。兄長董卓挾獻帝手握大權，自
己因此得到左將軍之位。董卓被呂布倒戈
殺死後，以同罪被斬，梟首示眾。"
487,528,"黃巾黨。擔任程遠志的副將一起攻打幽州
，但只一個回合就被加入幽州義勇軍的張
飛殺死。他是張飛得意兵器蛇矛的第一個
犧牲者。"
488,589,"孫權麾下的武將。赤壁之戰後，隨孫權攻
打合淝。在劉備到甘露寺會見吳國太時，
領兵埋伏被識破，遭到吳國太叱責。"
489,413,"劉備麾下大臣，原本是劉璋的屬下。劉備
軍進攻西川時，建議劉璋向張魯求援。劉
備入蜀後，封他為掌軍中郎將。"
490,191,"晉將。由於喜愛「春秋左氏傳」，時人稱
之為「左傳癖」。於討伐東吳時，任職鎮
南大將軍，以破竹之勢大破吳軍。"
491,590,"趙範麾下之將，桂陽的管軍校尉，慣使飛
叉。赤壁之戰後，敗給前來攻打桂陽郡的
趙雲，和鮑隆一起詐降，被識破後遭斬。"
492,258,"黃巾黨將領。黃巾之亂後，聚眾佔山為王
。本欲奪取關羽的赤兔馬，在得知對方是
關羽後歸順，並將朋友周倉介紹給關羽。"
493,613,"魏將，王允之姪，只出現在正史裡，跟隨
張遼、曹休一同與孫權軍作戰。２５１年
發動政變，但被司馬懿鎮壓，自殺身亡。"
494,419,"韓遂麾下之將，「旗本八騎」之一。馬超
中了賈詡的離間計，來問罪韓遂時，他為
了保護主公韓遂，被馬超一劍砍死。"
495,420,"馬騰的次子。父親馬騰被曹操召去許昌時
隨行，但因為謀反計劃敗露，被曹操捉住
後問斬。"
496,481,"魏臣，博士。奉曹叡之命，監督建造崇華
殿等宮宇。有發明機械、武器的才能。"
497,421,"魏將，天水太守。用姜維妙計擊退了蜀漢
軍，可是，後來姜維中了諸葛亮的之計叛
變，屬下尹賞也打開城門呼應，迫不得已
，只好逃往胡地。"
498,108,"蜀漢的武將，馬良之弟。劉備評其為「不
能委以重任」。南征時出任參謀表現活躍
，但是第一次北伐時違反命令，招致大敗
，被諸葛亮處死。"
499,26,"蜀漢之將。與堂兄馬超一起歸順劉備，領
軍活躍在南征北伐中。諸葛亮死後，剷除
了造反的魏延。官拜蜀漢的平北將軍。"
500,479,"吳將。追擊關羽時，用伏兵將關羽活捉，
立下大功。被賞賜赤兔馬，可是赤兔馬什
麼也不吃，追隨主人關羽而死。"
501,223,"蜀漢將軍。參加南征，與祝融夫人單挑時
敗陣，後來參加北伐，率兵擔任伏兵、疑
兵，表現活躍。官拜奮威將軍。"
502,4,"馬騰的長子，因其武勇及英姿，故有綽號
「錦馬超」。為報殺父之仇，大戰曹操，
率領西涼兵急襲長安，但最後失敗。後來
歸順劉備，成為五虎大將之一。"
503,422,"馬騰的三子。跟隨父親馬騰、兄長馬休一
起去許昌，在與黃奎的謀反計劃敗露後，
逃跑時被魏軍包圍，交戰中陣亡。"
504,27,"東漢的西涼太守，是東漢初期的名將馬援
子孫。曾與董承等人計劃剷除曹操，未果
，後來被曹操召喚進京時再次密謀對策，
但被發覺而遭處斬。"
505,254,"蜀漢之將，負責守護江油城。由於對朝廷
的腐敗感到失望，自知蜀滅國已經避免不
了，便在魏將鄧艾來攻時投降，並引導魏
軍進入成都。"
506,591,"魏臣。任監軍隨鍾會討伐蜀漢，蜀滅亡後
，受鍾會之命逮捕鄧艾父子，後來鍾會一
叛變，便殺鍾會、姜維，並令田續謀殺了
鄧艾父子。"
507,109,"蜀漢之臣，綽號「白眉」。才高八斗，與
弟弟馬謖一起為劉備效力，在留守荊州的
關羽身邊輔佐政務。夷陵之戰時，將安營
圖送去給諸葛亮。"
508,424,"吳臣，左典軍。向孫和之子孫皓勸說立孫
休為太子，孫皓即位後任職丞相，但因勸
諫孫皓惹來不悅，於是遭到殺害。"
509,415,"蜀漢之臣。雖是文官，但也參加了南征北
伐。蜀漢滅亡後，和劉禪一起被送往洛陽
，並得到司馬昭賜封侯爵。"
510,416,"關羽麾下之臣，官任治中。有內政方面的
才能，但王甫說此人「疑心重、為利而動
，不可信任」。後來關羽出擊在外，東吳
軍襲擊荊州，他未曾抵抗就投降了。"
511,224,"吳將。與朱然協力，捉住了關羽，被賜與
關羽的偃月刀以作為獎賞。後來在被關羽
之子關興追殺途中，遇到關羽的亡靈，驚
魂未定之時被斬殺。"
512,417,"董卓麾下之將。董卓死後，打敗前來攻打
的馬騰、韓遂，但因為放走了同鄉韓遂，
而被李傕以謀反罪斬首。"
513,418,"冀州刺史韓馥麾下之將。汜水關之戰中，
揮舞慣用的大斧挑戰華雄，因體力不濟而
被殺。"
514,110,"蜀漢之臣。北伐之時與蔣琬一起留在成都
。諸葛亮死後，任尚書令，與蔣琬共同負
責蜀漢的國政。"
515,425,"公孫淵麾下之將。與率軍討伐公孫淵的司
馬懿作戰，大敗。敗走後，為了扭轉局面
再次挑戰魏軍，但和夏侯霸交手幾個回合
後，就被殺死。"
516,162,"劉備麾下大臣。原來是徐州的富商，陶謙
手下的別駕從事。陶謙死後，輔佐劉備。
劉備入蜀後被任命為安漢將軍，地位在諸
葛亮之上。"
517,592,"蜀將。２５８年冬，隨軍參加姜維的北伐
，在祁山遭到鄧艾的夜襲所敗，並在鍾會
率領大軍伐蜀時，駐守樂城，但收到漢中
失陷的消息後投降。"
518,163,"劉備麾下將領，糜竺之弟。隸屬於關羽軍
中守衛荊州南郡，但是被同僚傅士仁勸說
，背叛了關羽，並投降東吳。後來欲回蜀
國遭拒絕，被斬。"
519,548,"魏將。隨曹真和諸葛亮的第二次北伐軍作
戰，因懷疑姜維作內應是假，代替曹真出
戰，結果被事先埋伏的姜維包圍，自盡而
死。"
520,433,"孔融麾下大將。虎牢關之戰中，勇敢挑戰
呂布，揮舞著慣用的鐵鎚大戰十餘回合，
被呂布砍下手腕，丟下鐵鎚逃回。"
521,427,"蜀漢將軍。蜀漢為關羽報仇而攻打東吳時
，出任副將隨軍參戰，包圍了吳將孫桓，
但是遭到陸遜的火攻，戰敗，最後與同僚
張南一起戰死。"
522,593,"王朗之子。毌丘儉謀反之際，進言司馬師
可善待叛軍的家屬，以敗其士氣。司馬師
死後，上奏曹髦將實權交給司馬昭。"
523,637,"魏臣，受曹爽重用。赴任荊州刺史時，奉
命刺探司馬懿的現況，卻被司馬懿裝病騙
過，使曹爽失去戒心。後來司馬懿叛變，
將之處死。"
524,429,"關羽麾下之將。駐紮在公安，守衛關羽軍
的後方，但是在受到吳軍進攻時投降。日
後在夷陵之戰中，他欲再投降蜀漢，卻未
獲得饒恕，遭到斬首。"
525,430,"蜀漢將軍，傅彤之子。擊斃魏將李鵬、王
真，屢建戰功。在陽平關抗擊魏軍進攻，
但是副將蔣舒投降，自己在亂軍之中戰死
。"
526,431,"劉表麾下大臣。建議繼承劉表之位的劉琮
投降曹操，因此項功蹟，被曹操封為關內
侯。"
527,432,"蜀漢的武將，中軍護尉。蜀軍在夷陵戰敗
時，他斷後與東吳大軍奮戰，大喝「漢之
大將豈能投降吳狗」，口吐鮮血戰死。"
528,165,"本名文淑，文欽之子，幼名為阿鴦，故通
稱文鴦。勇猛可比趙雲，曾加入毌丘儉之
亂，使司馬師苦不堪言，後來因父親之死
，才歸順了魏國。"
529,225,"魏將，揚州刺史。被司馬師廢曹芳的專橫
暴行激怒，與毌丘儉一起發動叛亂。戰敗
後逃往吳國，但是遭到友軍諸葛誕的懷疑
，因此被斬。"
530,594,"魏國的隴西太守。參加鄧艾的蜀漢討伐軍
，在綿竹城和王頎率領伏兵大破諸葛瞻。
蜀滅後，被鄧艾任命為益州各郡的太守。"
531,11,"袁紹麾下的猛將。為給同僚顏良報仇，出
軍延津，遭到曹操軍的襲擊，奮勇殺退張
遼、徐晃二將，但是被關羽斬殺。"
532,111,"劉表麾下之將。與劉琮一起投降曹操，但
是以沒能守住國土為恥，不願為官。曹操
欣賞其氣節，任命為江夏太守。"
533,434,"黃巾黨，慣使流星鎚，後來為曹操效力，
守衛沂水關。在鎮國寺設下伏兵欲謀害千
里尋兄的關羽，但是寺中僧人普淨暗示關
羽並加以解救，最後被關羽斬殺。"
534,542,"河內太守王匡的麾下。參加反董卓聯盟，
在虎牢關挑戰呂布，但五個回合就被挑落
馬下，命喪黃泉。"
535,516,"龐德之子。在龐德前去與關羽交戰前，含
淚與父分別。後來鍾會等人開始伐蜀，他
作為屬下一同遠征。"
536,144,"南蠻王孟獲的副將。奉孟獲之命迎擊諸葛
亮的南征軍，與王平交手，大敗，接著又
戰馬岱，不敵陣亡。"
537,112,"袁紹麾下大臣，荀彧評價他雖有本領卻不
能容人。對抗意識強烈，獻讒言害死田豐
。袁紹死後，支持袁尚繼承家業。"
538,435,"劉璋麾下大臣，身份巴西太守以防範漢中
的張魯。劉備入蜀後得到提拔，任營中司
馬之職。"
539,294,"東漢的校尉。董卓政權日漸專橫，與袁紹
、王允共謀打倒暴政，並成為反董卓聯盟
第九鎮。後來與曹操一起大戰青州黃巾黨
，戰死。"
540,113,"劉備麾下大臣。本是劉璋屬下，和張松等
謀劃讓劉備入蜀。擅長謀略，進攻漢中時
擔任參謀。有人說如果法正還活著，就不
會有夷陵之敗。"
541,114,"劉備麾下的謀士，與諸葛亮並稱臥龍、鳳
雛。加入劉備麾下後，擔任攻蜀的總指揮
，但在戰場上中了流箭，死於落鳳坡。"
542,28,"魏將。原本是馬超的屬下，但當馬超寄身
於張魯處時，他由於生病，便與馬超主僕
分離。後來投入曹操軍中，大戰關羽。"
543,436,"趙範麾下之將，桂陽的管軍校尉。武勇過
人，曾用弓箭射殺二虎。詐降前來攻打桂
陽的趙雲，但是被識破，遭斬首。"
544,639,"公孫瓚的長史，只出現在正史裡。當公孫
瓚被袁紹包圍自殺後，他率一軍殺入袁紹
軍中，戰死殉主。"
545,484,"上黨太守張楊麾下的武將。在虎牢關之戰
中，單騎迎戰呂布，一招就被了結了性命
。與仕奉獻帝的宦官穆順同名，但不是同
一人。"
546,437,"吳臣，丞相。無視吳帝孫休的遺旨，擁立
年長的孫皓為帝，但因勸諫孫皓的暴政，
致使孫皓大怒而將之滿門抄斬。"
547,145,"南蠻八納洞的洞主。能使法術，呼風喚雨
，操縱猛獸，自己騎巨象出戰，擊退了蜀
漢軍，但後來被諸葛亮破了法術，最終戰
死。"
548,226,"吳臣。攻打荊州時，確切分析了關羽和曹
仁大軍的情況，為東吳帶來勝利。孫權即
帝位後，被任命為驃騎將軍，後來擔任丞
相。"
549,641,"東吳的黃門侍郎，全尚之子。２５８年，
受孫亮的密令準備誅殺孫綝，返家後告知
父親，卻因此洩露計劃，全族皆被殺害。"
550,166,"魏臣。樊城被關羽的兵馬包圍時，進言曹
仁死守城池，成功地擊退了關羽軍。後又
阻止東吳呼應蜀漢北伐的行動，大勝。"
551,260,"曹操麾下的大臣。經滿寵推薦，成為曹操
的屬下。擅長內政，建議重視農業。駐紮
在荊州時，和于禁一起被任命為水軍都督
，取代遭處斬的蔡瑁。"
552,29,"南蠻之王。劉備死後，發動叛亂攻打蜀國
，與遠征而來的諸葛亮頑抗，遭七擒七縱
，直到第七次時，才終於誠心歸順。"
553,642,"東吳皇丈（天子的岳父）。妻為孫綝之姊
。得知兒子全紀受孫亮之命將要誅殺孫綝
後，把此事告知妻子，不料妻子密告孫綝
，因而連坐遭處死。"
554,643,"晉將，與毛炅一起守備交趾。２７１年，
被吳國的虞汜和陶璜包圍後投降，於發監
送往吳都途中，在合浦吐血而亡。"
555,115,"先後為劉璋、劉備、曹丕效力的武將。對
劉備入蜀多有貢獻，但是對關羽見死不救
，反而投降了魏國。曹丕死後欲返回蜀漢
，但是被司馬懿所殺。"
556,147,"南蠻王孟獲之弟。向與諸葛亮的南征軍交
戰，卻不斷吃敗仗的兄長推薦朵思大王，
勸兄長借朵思之力與蜀軍對抗。後來與兄
長一起發誓歸順蜀漢。"
557,541,"袁術麾下之將。隨袁術參加了反董卓聯盟
的汜水關戰役，誇口要打敗汜水關的守將
華雄，但反而被殺死。"
558,438,"劉璋麾下之將，鎮守白水關的都督。與同
僚高沛一起計劃謀害劉備，可是事跡敗露
，被劉備捉住問斬。"
559,439,"建寧太守。與孟獲勾結背叛蜀漢，發動叛
亂，但中了諸葛亮之計，與越雋太守高定
失和，被高定屬下鄂煥殺死，叛亂因而平
定。"
560,227,"蜀漢大臣，以長史之職隨軍北伐。與魏延
不睦，更在諸葛亮死後與魏延對立，造成
促使魏延謀反的原因之一。後來對地位不
滿，出言不遜，被貶為庶民。"
561,614,"吳將。２５８年，受察知孫綝有謀反之意
的孫休之命，和丁奉逮捕孫綝一族。"
562,192,"晉將。拜官都督。在襄陽前線抗吳，與吳
國的名將陸抗惺惺相惜。後來向主推薦杜
預，病死榻中。"
563,517,"袁術的幕僚。引用周文王雖擁有三分之二
的天下，卻還向殷稱臣的典故，勸諫想藉
玉璽稱帝的袁術。"
564,547,"張魯麾下將士。隨張英把守陽平關，以抗
曹軍。不聽楊任的勸告，追擊曹軍主力衝
入霧中，腹背受敵被張郃所殺。"
565,647,"晉的荊州刺史。東吳的步闡降晉時，驅兵
前往救援，和討伐步闡的陸抗等人在西陵
交戰，結果敗陣而退。"
566,412,"張楊麾下之將。當曹操與呂布作戰時，殺
死了支援呂布的張楊，並準備帶著張楊的
首級向曹操投降，但被同僚眭固所殺。"
567,116,"曹操麾下大臣，東漢的太尉楊彪之子。雖
有才，但是被曹操疏遠，有一說是因為他
是袁術外甥的關係，另一說則是他曾給曹
植出主意之故。"
568,440,"韓遂麾下的「旗本八騎」之一。原是與曹
操講和的使者，後來韓遂與馬超失和，則
成為使者去向曹操請降。馬超敗走後，被
封為列侯。"
569,441,"張魯麾下的幕僚，是個貪婪、見錢眼開的
小人。接受敵人的賄賂，孤立馬超，使得
龐德反叛。後來被曹操以賣主之罪處斬。"
570,650,"韓遂的武將。２１１年和馬超一起攻破長
安，但曹操軍趁韓遂與馬超對峙中襲擊，
因此大敗而逃，途中，被于禁本來要射馬
超的箭射死。"
571,546,"張魯麾下將士。隨張衛把守陽平關，以抗
曹軍。英勇頑強地抵抗夏侯淵、張郃，但
在陽平關被攻破後，死在夏侯淵之手。"
572,442,"公孫淵麾下之將。與卑衍一起率領八萬兵
馬為先鋒，用持久戰與司馬懿對壘，但是
被司馬懿用計誘出，大敗逃回。"
573,654,"魏國的相國參軍。２６３年，送出鍾會和
鄧艾的蜀國討伐軍，預言鍾會與鄧艾必能
破蜀，但兩人皆不得生還。"
574,458,"張魯麾下之將，楊松之弟。在馬超以張魯
的部屬出陣作戰時，他負責監視，後來馬
超歸順劉備，就把他殺了以表歸順之意。"
575,651,"曹操的武將。在曹操和張繡、劉表作戰時
，投效於曹操。演義中，與為了報馬騰之
仇而來的馬超交手，幾個回合就被刺死於
馬下。"
576,0,"東漢的騎都尉。本來是李傕的部屬，因為
對獎賞不滿而逃走。曾協助獻帝逃出長安
有功，後來與曹操爭權失敗，逃去投奔了
袁術。"
577,228,"劉璋麾下之將。與吳懿等人一起防衛劉備
軍，但是被包圍後投降。守備巴西時，與
魏軍張郃奮勇對戰，但由於被伏兵切斷退
路，戰敗身亡。"
578,444,"袁術麾下之將。離開稱帝後昏庸奢靡的袁
術，與陳蘭一起佔據嵩山為山賊，後來襲
擊兵敗的袁術，搶奪其財寶。"
579,445,"孫權麾下大臣，會稽烏傷人士。對後母極
孝，生活清貧，其名為世人傳頌。欲與赴
東吳的諸葛亮辯論，被黃蓋勸阻。"
580,655,"劉禪的長子，２３８年立為皇太子。蜀滅
亡後，被捲入鍾會的叛亂，因而被殺。"
581,229,"吳將，上陣時慣使鍍金大斧。跟隨孫桓參
加對蜀作戰時，在舉斧劈向落馬的張苞那
一瞬間，被從後方趕來的關興砍去首級。"
582,203,"蜀漢大臣。預料到劉璋終將失敗，便投降
劉備，並勸說前來救援劉璋的馬超，使其
歸順劉備。隨軍參加了南征、北伐。"
583,69,"董卓麾下之將。董卓被誅殺後，與同黨郭
汜等人殺死王允，挾獻帝，亂行於朝中。
後來中了楊彪的離間計，與郭汜相爭，自
取滅亡。"
584,656,"魯肅的遺腹子。贊賞守衛濡須的張承，說
他將來必是取代自己抗魏的人材。歷任武
昌、夏口之督。"
585,635,"晉將，負責守備交趾。２６８年，斬殺攻
打交趾的劉俊和脩則；２７１年，被虞汜
與陶璜軍包圍，糧盡而降，被脩則之子脩
允所殺。"
586,288,"吳國左丞相，陸遜的族子。在內政方面和
討伐山越時建立功勳，曾勸諫暴虐的吳帝
孫皓，但不被採納。"
587,615,"魏將，鍾會的心腹，原本是胡烈的部屬。
蜀滅亡後，鍾會企圖謀反，把胡烈等人監
禁在獄中時，他將此事急報給胡烈之子胡
淵。"
588,149,"吳將，陸遜的次子，東吳最後的名將。在
西陵之戰遭受魏軍和叛軍挾擊，但仍能不
慌不亂築起兩道城牆，最終獲得勝利。"
589,454,"吳臣。陸遜的同族，擅長易經和曆學。年
幼的時候，在謁見袁術之際將席上的蜜柑
偷藏入袖中，被問及，才說出是要帶回去
給母親享用。"
590,117,"吳將，孫策的女婿。與呂蒙謀劃，生擒了
關羽。夷陵之戰中，成為大都督，擊敗蜀
漢的大軍。受命守衛荊州，後來成為東吳
的丞相。"
591,118,"蜀漢將軍。本是劉璋屬下，劉備入蜀後歸
順劉備。諸葛亮對他評價極高，稱他是不
在陸遜之下，但在北伐時因補給不利，遭
到撤職免官。"
592,119,"董卓麾下的謀士，也是董卓的女婿。經常
向董卓進言，助紂為虐。識破貂蟬等人的
連環計，但董卓不聽勸諫，後來董卓被誅
，他也同罪受斬。"
593,266,"董卓麾下大臣。以赤兔馬為禮物，憑藉三
寸不爛之舌勸說呂布歸降董卓。後來參加
了暗殺董卓的計劃，擔任欽差，成功地將
董卓騙到宮中。"
594,644,"涼州的參軍。反叛入冀城的馬超，得夏侯
淵之助，殺退了馬超。後來曹真攻蜀時大
雨難行，便勸說退兵；日後也勸諫曹叡不
可建造宮殿無度，但遭貶為庶人。"
595,657,"「超三國志」中的架空人物，馬騰之女，
馬超之妹。嫁給趙雲為妻，和兄長夫君一
同英勇作戰。"
596,658,"黃承彥之女，諸葛亮之妻，諸葛瞻之母。
精通天文、地理、兵法，以豐富的學識協
助諸葛亮謀略。諸葛亮死後，不久也追隨
九泉之下。"
597,167,"曹操麾下的武將，曹操起兵時就開始跟隨
征戰。喜好學問，性格冷靜慎重，曾多次
制止同僚的躁動。與張遼、樂進一起守衛
合淝。"
598,659,　
599,455,"蜀臣，李嚴之子。父親李嚴因補給糧草不
利被免官後，由他代任父職，被任命為長
史，負責儲備軍糧。"
600,652,"魏將。２６３年，當鄧艾與鍾會遠征蜀國
時，包圍了蜀將王含防守的樂城。"
601,70,"東漢的益州牧，漢室的宗親。看到漢室逐
漸沒落，以州牧之身赴有「天子之氣」的
巴蜀就任，建立了獨立的勢力。"
602,544,"劉璋麾下將士。與張任等人共同對抗劉備
軍，張任被擒後，雖然孤立無援，但依然
拼死抵抗，後來被同僚張翼斬殺。"
603,120,"劉表的長子。因後母蔡夫人欲讓其弟劉琮
繼承荊州，他命在旦夕，得諸葛亮妙計，
去守備江夏而逃過劫難。後來成為荊州刺
史。"
604,459,"東漢的一族。因為平息張舉之亂被任命為
幽州牧。接受劉恢的推薦，起用逃亡中的
劉備。因為平亂有功，被任命為太尉。"
605,487,"袁術麾下的廬江太守。遭到統御江東的孫
策進攻，被趕出廬江。據正史記載，他後
來投靠舊識曹操，雖為親信，但因為態度
不遜遭肅清。"
606,446,"零陵太守劉度之子。與劉備軍交戰，被張
飛生擒，以說降父親為條件而釋放。後來
果真說服其父投降，所以被赦免其罪，從
此為劉備效力。"
607,557,"吳將。孫權死後不久，魏軍隨即入侵，於
是受諸葛恪之命迎戰。據正史記載，是當
時守衛東興郡右城的留略之父。"
608,660,　
609,175,"劉璋的長子。向父親劉璋請命去成都迎擊
劉備軍，但是戰敗。正史記載，他阻擋劉
備的進攻將近一年之久。"
610,71,"東漢的益州牧，劉焉之子。為了防備張魯
的進侵，請來荊州的劉備，可是，反而遭
到劉備軍的進攻，為了減輕臣民的痛苦，
終於投降。"
611,555,"魏將。在諸葛亮第五次北伐，孫權攻打魏
國時，他前去守衛江夏，並受曹叡之命破
了陸遜之計，牽制住吳軍，擊退了孫權。"
612,653,"東吳的交州刺史。２６８年，與脩則等人
一起攻打晉的交趾，敗於毛炅手中戰死。"
613,661,　
614,282,"劉禪的五子，北地王。反對譙周投降魏國
的提議，被劉禪命近臣逐出宮門，後來蜀
漢降魏，大哭「羞見基業棄於他人」，與
妻兒自刎而死。"
615,662,　
616,72,"蜀漢二代皇帝，平庸敦厚之人。晚年沉迷
於酒色之中，寵愛宦官黃皓，成為蜀漢滅
亡的主要原因之一。其幼名「阿斗」，成
為昏庸無能的代名詞。"
617,193,"劉表的次子。被蔡瑁等人推為後繼者，雖
然投降南下的曹操，並被任命為青州刺史
，但在前往青州的途中，便被曹操的手下
暗殺身亡。"
618,447,"東漢的兗州刺史。討伐董卓聯軍的第四鎮
諸侯。初平四年（西元一九二年）在與青
州黃巾黨作戰時陣亡。與演義中曹操的屬
下劉岱同名同姓同字，但不是同一個人。"
619,73,"零陵太守。與前來攻打的劉備軍對抗，命
令兒子劉賢和邢道榮迎戰，後來因為劉賢
敗北而投降，但仍以太守身份受命留任。"
620,448,"蜀漢之臣。原本是劉璋的幕僚，劉備入蜀
後，出於對劉璋的忠誠拒不為官，劉備親
自上門拜訪才請他出仕，後來也參加了北
伐。"
621,36,"蜀漢的開國皇帝。西漢的中山靖王劉勝之
後裔。組織義軍，參與討伐黃巾黨，轉戰
各地，終於鼎立於三國之中。諡號蜀漢昭
烈帝。"
622,74,"東漢的荊州牧。名士的代名詞「江夏八俊
」之一。儘管中原大亂，他治理的荊州卻
很安定。因為其優柔寡斷的性格，屢屢錯
過問鼎中原的良機。"
623,616,"原是蜀漢的武將。２４９年，和李歆一起
參加姜維的北伐，但在陳泰用計斷了糧道
後，隨即降魏，後來鍾會發兵討蜀，便以
魏將的身份參戰。"
624,257,"黃巾黨將領。黃巾之亂後，與龔都一起率
領賊軍盤踞在汝南。欲追隨劉備，將汝南
交給劉備。在與曹操的部將高覽交戰時，
為保護劉備而戰死。"
625,194,"劉備的義子。守備上庸之時，拒絕發兵去
援救關羽，導致關羽父子戰死。劉備盛怒
之下，在成都將其處死。"
626,168,"魏臣。經郭嘉推舉，為曹操效力。對袁紹
作戰時提出用發石車，擊退了敵人來自箭
樓的攻擊。曹氏三代元老，獻過許多妙計
。官拜魏國太中大夫。"
627,75,"東漢的揚州刺史。旗下有同鄉的勇將太史
慈為部屬，卻不能盡用其才。遭到孫策攻
擊，戰敗，落荒逃往豫章。"
628,423,"吳將。守備東興郡的右城。魏將胡遵的大
軍來攻時，率領少數士兵死守右城，直到
丁奉的援軍到達，成功的守住城池。"
629,449,"袁紹麾下的武將。擔任淳于瓊的副將之一
，守衛烏巢的糧倉。淳于瓊酒醉之時受到
曹操軍的奇襲，這一失策與官渡之戰的失
敗有很大的關係。"
630,121,"蜀漢之將。原是黃巾黨，欲追隨千里尋兄
的關羽，但關羽不允。後來為劉備效力，
轉戰各地，直至蜀漢滅亡。"
631,450,"韓遂麾下的「旗本八騎」之一。馬超中了
賈詡的離間計，正殺入營中時，他出面應
戰，但一回合就被斬了。"
632,645,"魏國的中書令。２５４年，與曹芳、夏侯
玄、張緝一起商議誅殺司馬師，但曹芳的
血詔被發覺，三族皆斬。"
633,291,"孫策麾下之將，凌統之父。大破吳郡的嚴
白虎後，歸順孫策擔任從征校尉，後來在
與黃祖交戰中，被甘寧射死。"
634,122,"吳將，凌操之子。為報父仇，屢屢向歸順
東吳的甘寧滋事，後來與魏將樂進對陣時
，被甘寧救下性命，二人才合解，結為生
死之交。"
635,232,"蜀漢之臣。永昌郡的功曹。抵抗雍闓等人
的攻擊，死守永昌郡。向南征的諸葛亮獻
上「平蠻指掌圖」，被聘為行軍教授。"
636,549,"吳將。孫權死後，魏軍就來入侵，於是受
諸葛恪之命出征東興，跟隨丁奉作戰，後
來被孫綝所殺。在正史中，是吳國幕僚呂
範的次子。"
637,452,"曹操麾下的將軍。和滿寵一起受到劉曄的
推薦，任校尉。主要率軍後援，參加過許
多戰役。"
638,234,"袁尚麾下之將，呂翔之兄。投降袁譚，接
受了將軍印綬，但是將印綬獻給曹操，歸
順了曹氏。後來與呂翔一起攻打新野，卻
被勇將趙雲刺死。"
639,453,"袁尚麾下之將，呂曠之弟，經常與兄長一
起行動。投降曹操之後，成為曹仁的部屬
，陪同兄長攻打新野的劉備，但一個回合
就被張飛殺死。"
640,141,"吳將。孫權臨終時，把後事託付給他與太
傅諸葛恪。正史記載，他在孫權時代任大
將軍，孫亮時代任大司馬，老當益壯。"
641,233,"吳臣。原是袁術的幕僚，但對袁術失去信
心，改投入孫策的麾下。出任劉備與孫權
之妹婚事的使者，去向劉備提親。"
642,3,"東漢之將。人稱「人中呂布，馬中赤兔」
的猛將。論其武勇，三國之中無人能出其
右，但為人反覆無常。雖征戰各地建立了
勢力，郤因部下叛變而被擒處死。"
643,30,"吳將。原來只是一名猛夫，但是在孫權的
激勵下努力研究學問，終於成為智勇兼備
的名將。在他擔任東吳的都督時，指揮大
軍奪回荊州，並生擒關羽。"
644,456,"公孫淵麾下大臣，擔任參軍。勸諫公孫淵
不要反叛魏國，因而遭到斬首。後來司馬
懿討伐了公孫淵，便封給其子孫爵位。"
645,545,"劉璋麾下之將。與鄧賢共同對抗劉備軍的
黃忠、魏延。被擒詐降後逃走，後又被擒
回處死。"
646,617,"魏將，胡烈之子，胡遵之孫。曾隨軍參加
鍾會的伐蜀作戰，蜀滅亡後，由父親遣人
告知鍾會企圖謀反，便和衛瓘一起誅殺鍾
會。"
647,123,"吳臣。經周瑜推舉，為孫權效力。赤壁之
戰時，主張與劉備聯合抗敵。周瑜死後，
他被任命為都督。擅長陸戰。"
648,663,　
649,200,"東漢的忠臣，劉備、公孫瓚的學問之師。
擔任中郎將統軍討伐黃巾黨，建立功勳。
後來，以尚書身份勸阻董卓廢少帝。"
