slot_id,name_simplified,name_traditional
0,阿会喃,阿會喃
1,韦昭,韋昭
2,伊籍,伊籍
3,尹赏,尹賞
4,尹大目,尹大目
5,尹默,尹默
6,于禁,于禁
7,于诠,于詮
8,卫瓘,衛瓘
9,袁遗,袁遺
10,袁胤,袁胤
11,阎宇,閻宇
12,袁熙,袁熙
13,阎柔,閻柔
14,袁术,袁術
15,袁尚,袁尚
16,袁绍,袁紹
17,阎象,閻象
18,袁谭,袁譚
19,阎圃,閻圃
20,袁耀,袁燿
21,王威,王威
22,王允,王允
23,王含,王含
24,王基,王基
25,王颀,王頎
26,王匡,王匡
27,王业,王業
28,王经,王經
29,王伉,王伉
30,王浑,王渾
31,王粲,王粲
32,王修,王修
33,王戎,王戎
34,王肃,王肅
35,王浚,王濬
36,王祥,王祥
37,王沉,王沈
38,王双,王雙
39,王忠,王忠
40,王昶,王昶
41,王韬,王韜
42,王惇,王惇
43,王买,王買
44,王平,王平
45,王甫,王甫
46,王门,王門
47,王凌,王凌
48,王累,王累
49,王朗,王朗
50,何晏,何晏
51,蒯越,蒯越
52,蒯良,蒯良
53,贾华,賈華
54,华核,華覈
55,贾逵,賈逵
56,何仪,何儀
57,华歆,華歆
58,贾诩,賈詡
59,郭奕,郭奕
60,郭嘉,郭嘉
61,鄂焕,鄂煥
62,郭汜,郭汜
63,乐就,樂就
64,霍峻,霍峻
65,郝昭,郝昭
66,乐进,樂進
67,乐綝,樂綝
68,郭图,郭圖
69,郭马,郭馬
70,郭攸之,郭攸之
71,霍弋,霍弋
72,郭淮,郭淮
73,夏侯威,夏侯威
74,夏侯渊,夏侯淵
75,夏侯恩,夏侯恩
76,夏侯和,夏侯和
77,夏侯咸,夏侯咸
78,夏侯惠,夏侯惠
79,夏侯玄,夏侯玄
80,夏侯尚,夏侯尚
81,夏侯德,夏侯德
82,夏侯惇,夏侯惇
83,夏侯霸,夏侯霸
84,夏侯楙,夏侯楙
85,贾充,賈充
86,何植,何植
87,何进,何進
88,贺齐,賀齊
89,何曾,何曾
90,何桢,何楨
91,贾范,賈範
92,华雄,華雄
93,关彝,關彝
94,韩胤,韓胤
95,关羽,關羽
96,管亥,管亥
97,毌丘俭,毌丘儉
98,毌丘秀,毌丘秀
99,毌丘甸,毌丘甸
100,韩玄,韓玄
101,韩浩,韓浩
102,关兴,關興
103,关索,關索
104,韩遂,韓遂
105,韩嵩,韓嵩
106,关靖,關靖
107,韩暹,韓暹
108,阚泽,闞澤
109,韩忠,韓忠
110,关统,關統
111,韩当,韓當
112,韩德,韓德
113,甘宁,甘寧
114,桓范,桓範
115,韩馥,韓馥
116,关平,關平
117,简雍,簡雍
118,颜良,顏良
119,魏延,魏延
120,曲义,麴義
121,戏志才,戲志才
122,魏续,魏續
123,魏邈,魏邈
124,魏攸,魏攸
125,牛金,牛金
126,丘建,丘建
127,牛辅,牛輔
128,丘本,丘本
129,姜维,姜維
130,巩志,鞏志
131,桥蕤,橋蕤
132,龚都,龔都
133,桥瑁,橋瑁
134,许仪,許儀
135,许贡,許貢
136,许靖,許靖
137,许褚,許褚
138,许攸,許攸
139,纪灵,紀靈
140,金环三结,金環三結
141,金旋,金旋
142,虞汜,虞汜
143,虞翻,虞翻
144,邢道荣,邢道榮
145,郄正,郤正
146,严颜,嚴顏
147,牵弘,牽弘
148,严纲,嚴綱
149,严畯,嚴畯
150,严政,嚴政
151,严白虎,嚴白虎
152,严舆,嚴輿
153,吴懿,吳懿
154,句安,句安
155,黄盖,黃蓋
156,高干,高幹
157,黄权,黃權
158,黄皓,黃皓
159,高柔,高柔
160,高顺,高順
161,高翔,高翔
162,高升,高昇
163,黄崇,黃崇
164,侯成,侯成
165,侯选,侯選
166,黄祖,黃祖
167,公孙越,公孫越
168,公孙渊,公孫淵
169,公孙恭,公孫恭
170,公孙康,公孫康
171,公孙瓒,公孫瓚
172,公孙续,公孫續
173,公孙度,公孫度
174,公孙范,公孫範
175,孔侑,孔伷
176,黄忠,黃忠
177,高定,高定
178,高沛,高沛
179,皇甫闿,皇甫闓
180,皇甫嵩,皇甫嵩
181,孔融,孔融
182,高览,高覽
183,胡渊,胡淵
184,伍延,伍延
185,吴巨,吳巨
186,吾彦,吾彥
187,吴纲,吳綱
188,胡济,胡濟
189,吾粲,吾粲
190,胡质,胡質
191,吴质,吳質
192,胡车儿,胡車兒
193,胡遵,胡遵
194,胡轸,胡軫
195,顾谭,顧譚
196,胡冲,胡沖
197,兀突骨,兀突骨
198,胡班,胡班
199,吴班,吳班
200,胡奋,胡奮
201,顾雍,顧雍
202,吴兰,吳蘭
203,胡烈,胡烈
204,崔琰,崔琰
205,蔡和,蔡和
206,蔡贡,蔡貢
207,蔡中,蔡中
208,蔡瑁,蔡瑁
209,左奕,左奕
210,笮融,笮融
211,施朔,施朔
212,师纂,師纂
213,司马懿,司馬懿
214,司马炎,司馬炎
215,司马师,司馬師
216,司马昭,司馬昭
217,司马侑,司馬伷
218,司马孚,司馬孚
219,司马望,司馬望
220,司马攸,司馬攸
221,司马朗,司馬朗
222,谢旌,謝旌
223,车胄,車胄
224,沙摩柯,沙摩柯
225,朱异,朱異
226,修允,脩允
227,周昕,周昕
228,周旨,周旨
229,周浚,周浚
230,周仓,周倉
231,修则,脩則
232,周泰,周泰
233,州泰,州泰
234,周鲂,周魴
235,周瑜,周瑜
236,朱桓,朱桓
237,朱据,朱據
238,祝融,祝融
239,朱儁,朱儁
240,朱然,朱然
241,朱治,朱治
242,朱褒,朱褒
243,朱灵,朱靈
244,荀彧,荀彧
245,淳于琼,淳于瓊
246,荀恺,荀愷
247,荀顗,荀顗
248,荀勖,荀勗
249,荀谌,荀諶
250,荀攸,荀攸
251,焦彝,焦彝
252,钟毓,鍾毓
253,蒋琬,蔣琬
254,钟会,鍾會
255,蒋干,蔣幹
256,蒋义渠,蔣義渠
257,蒋钦,蔣欽
258,蒋显,蔣顯
259,蒋济,蔣濟
260,谯周,譙周
261,蒋舒,蔣舒
262,向宠,向寵
263,邵悌,邵悌
264,蒋班,蔣班
265,蒋斌,蔣斌
266,钟繇,鍾繇
267,钟离斐,鍾離斐
268,向朗,向朗
269,徐荣,徐榮
270,诸葛恪,諸葛恪
271,诸葛瑾,諸葛瑾
272,诸葛均,諸葛均
273,诸葛绪,諸葛緒
274,诸葛尚,諸葛尚
275,诸葛靓,諸葛靚
276,诸葛瞻,諸葛瞻
277,诸葛诞,諸葛誕
278,诸葛亮,諸葛亮
279,徐晃,徐晃
280,徐质,徐質
281,徐庶,徐庶
282,徐盛,徐盛
283,徐邈,徐邈
284,沉莹,沈瑩
285,申仪,申儀
286,岑昏,岑昏
287,辛敞,辛敞
288,申耽,申耽
289,审配,審配
290,辛毗,辛毗
291,辛评,辛評
292,秦宓,秦宓
293,秦朗,秦朗
294,眭固,眭固
295,邹靖,鄒靖
296,邹丹,鄒丹
297,成宜,成宜
298,盛曼,盛曼
299,石苞,石苞
300,薛莹,薛瑩
301,薛珝,薛珝
302,薛综,薛綜
303,全祎,全禕
304,全怿,全懌
305,全纪,全紀
306,单经,單經
307,全尚,全尚
308,全琮,全琮
309,全端,全端
310,曹宇,曹宇
311,曹叡,曹叡
312,曹奂,曹奐
313,曹羲,曹羲
314,曹休,曹休
315,曹训,曹訓
316,宋宪,宋憲
317,宋谦,宋謙
318,曹昂,曹昂
319,曹洪,曹洪
320,曹纯,曹純
321,曹彰,曹彰
322,曹植,曹植
323,曹真,曹真
324,曹仁,曹仁
325,曹性,曹性
326,曹操,曹操
327,曹爽,曹爽
328,曹冲,曹沖
329,臧霸,臧霸
330,曹丕,曹丕
331,曹豹,曹豹
332,曹芳,曹芳
333,曹髦,曹髦
334,曹熊,曹熊
335,沮鹄,沮鵠
336,沮授,沮授
337,苏飞,蘇飛
338,祖茂,祖茂
339,苏由,蘇由
340,孙异,孫異
341,孙和,孫和
342,孙桓,孫桓
343,孙冀,孫冀
344,孙休,孫休
345,孙匡,孫匡
346,孙歆,孫欽
347,孙坚,孫堅
348,孙干,孫乾
349,孙权,孫權
350,孙皓,孫皓
351,孙策,孫策
352,孙秀,孫秀
353,孙述,孫述
354,孙峻,孫峻
355,孙韶,孫韶
356,孙尚香,孫尚香
357,孙震,孫震
358,孙静,孫靜
359,孙仲,孫仲
360,孙綝,孫綝
361,孙登,孫登
362,孙霸,孫霸
363,孙瑜,孫瑜
364,孙翊,孫翊
365,孙亮,孫亮
366,孙礼,孫禮
367,孙朗,孫朗
368,孙潬,孫𩅦（雨下單）
369,太史享,太史享
370,太史慈,太史慈
371,带来洞主,帶來洞主
372,戴陵,戴陵
373,朵思大王,朵思大王
374,谭雄,譚雄
375,张允,張允
376,赵云,趙雲
377,张卫,張衛
378,张英,張英
379,张颍,張穎
380,张燕,張燕
381,张横,張橫
382,张温,張溫
383,张华,張華
384,张闿,張闓
385,张角,張角
386,张既,張既
387,张休,張休
388,张球,張球
389,张乔,張喬
390,张嶷,張嶷
391,张勋,張勳
392,张俨,張儼
393,张虎,張虎
394,张纮,張紘
395,张合,張郃（魏）
396,赵广,趙廣
397,赵弘,趙弘
398,张济,張濟
399,张绣,張繡
400,张缉,張緝
401,张遵,張遵
402,张昭,張昭
403,张松,張松
404,张绍,張紹
405,张承,張承
406,张象,張象
407,张尚,張尚
408,张任,張任
409,张节,張節
410,张悌,張悌
411,赵统,趙統
412,张特,張特
413,张南,張南
414,张邈,張邈
415,赵范,趙範
416,张飞,張飛
417,张布,張布
418,张苞,張苞
419,张宝,張寶
420,张杨,張揚
421,张翼,張翼
422,张辽,張遼
423,张梁,張梁
424,赵累,趙累
425,张鲁,張魯
426,陈横,陳橫
427,陈应,陳應
428,陈纪,陳紀
429,陈宫,陳宮
430,陈矫,陳矯
431,陈群,陳羣
432,陈珪,陳珪
433,陈骞,陳騫
434,陈元,陳元
435,陈寿,陳壽
436,陈俊,陳俊
437,陈式,陳式
438,陈震,陳震
439,陈泰,陳泰
440,陈登,陳登
441,陈到,陳到
442,陈表,陳表
443,陈武,陳武
444,陈兰,陳蘭
445,陈琳,陳琳
446,程昱,程昱
447,程远志,程遠志
448,丁仪,丁儀
449,程银,程銀
450,丁原,丁原
451,郑冲,鄭沖
452,丁谧,丁謐
453,程普,程普
454,程武,程武
455,程秉,程秉
456,丁奉,丁奉
457,丁封,丁封
458,典韦,典韋
459,田楷,田楷
460,田章,田章
461,田续,田續
462,田畴,田疇
463,田丰,田豐
464,典满,典滿
465,田豫,田豫
466,滕胤,滕胤
467,董允,董允
468,邓艾,鄧艾
469,党均,黨均
470,董厥,董厥
471,陶谦,陶謙
472,邓贤,鄧賢
473,陶璜,陶璜
474,邓芝,鄧芝
475,唐咨,唐咨
476,董袭,董襲
477,滕修,滕脩
478,陶浚,陶濬
479,董承,董承
480,董昭,董昭
481,董卓,董卓
482,邓忠,鄧忠
483,董朝,董朝
484,董荼那,董荼那
485,唐彬,唐彬
486,董旻,董旻
487,邓茂,鄧茂
488,邓良,鄧良
489,董和,董和
490,杜预,杜預
491,甯随,寗隨
492,裴元绍,裴元紹
493,裴秀,裴秀
494,马玩,馬玩
495,马休,馬休
496,马钧,馬鈞
497,马遵,馬遵
498,马谡,馬謖
499,马岱,馬岱
500,马忠,馬忠（吳）
501,马忠,馬忠（蜀）
502,马超,馬超
503,马铁,馬鐵
504,马腾,馬騰
505,马邈,馬邈
506,马隆,馬隆
507,马良,馬良
508,万彧,萬彧
509,樊建,樊建
510,潘浚,潘濬
511,潘璋,潘璋
512,樊稠,樊稠
513,潘凤,潘鳳
514,费祎,費禕
515,卑衍,卑衍
516,糜竺,糜竺
517,毕轨,畢軌
518,糜芳,糜芳
519,费耀,費耀
520,武安国,武安國
521,冯习,馮習
522,冯紞,馮紞
523,傅嘏,傅嘏
524,傅士仁,傅士仁
525,傅佥,傅僉
526,傅巽,傅巽
527,傅彤,傅彤
528,文鸯,文鴦
529,文钦,文欽
530,文虎,文虎
531,文丑,文醜
532,文聘,文聘
533,卞喜,卞喜
534,方悦,方悅
535,庞会,龐會
536,忙牙长,忙牙長
537,逢纪,逢紀
538,庞羲,龐義
539,鲍信,鮑信
540,法正,法正
541,庞统,龐統
542,庞德,龐德
543,鲍隆,鮑隆
544,步协,步協
545,穆顺,穆順
546,濮阳兴,濮陽興
547,木鹿大王,木鹿大王
548,步骘,步隲
549,步阐,步闡
550,满宠,滿寵
551,毛玠,毛玠
552,孟获,孟獲
553,毛炅,孟炅
554,孟宗,孟宗
555,孟达,孟達
556,孟优,孟優
557,俞涉,俞涉
558,杨怀,楊懷
559,雍闿,雍闓
560,杨仪,楊儀
561,杨欣,楊欣
562,羊祜,羊祜
563,杨弘,楊弘
564,杨昂,楊昂
565,杨济,楊濟
566,杨丑,楊醜
567,杨修,楊修
568,杨秋,楊秋
569,杨松,楊松
570,杨稷,楊謖
571,杨任,楊任
572,杨祚,楊祚
573,杨肇,楊肇
574,杨柏,楊柏
575,杨阜,楊阜
576,杨奉,楊奉
577,雷铜,雷銅
578,雷薄,雷薄
579,骆统,駱統
580,罗宪,羅憲
581,李异,李異
582,李恢,李恢
583,李傕,李傕
584,李球,李球
585,李歆,李歆
586,陆凯,陸凱
587,陆景,陸景
588,陆抗,陸抗
589,陆绩,陸績
590,陆逊,陸遜
591,李严,李嚴
592,李儒,李儒
593,李肃,李肅
594,李胜,李勝
595,李堪,李堪
596,李通,李通
597,李典,李典
598,李辅,李輔
599,李丰,李豐（蜀）
600,李丰,李豐（魏）
601,刘焉,劉焉
602,刘璝,劉璝
603,刘琦,劉琦
604,刘虞,劉虞
605,刘勋,劉勳
606,刘贤,劉賢
607,留赞,留贊
608,刘俊,劉俊
609,刘循,劉循
610,刘璋,劉璋
611,刘劭,劉劭
612,刘丞,劉丞
613,刘寔,劉寔
614,刘谌,劉諶
615,刘璿,劉璿
616,刘禅,劉禪
617,刘琮,劉琮
618,刘岱,劉岱
619,刘度,劉度
620,刘巴,劉巴
621,刘备,劉備
622,刘表,劉表
623,留平,留平
624,刘辟,劉辟
625,刘封,劉封
626,刘晔,劉曄
627,刘繇,劉繇
628,留略,留略
629,吕威璜,呂威璜
630,廖化,廖化
631,梁兴,梁興
632,梁绪,梁緒
633,凌操,凌操
634,凌统,凌統
635,吕凯,呂凱
636,吕据,呂據
637,吕虔,呂虔
638,吕旷,呂曠
639,吕翔,呂翔
640,吕岱,呂岱
641,吕范,呂範
642,吕布,呂布
643,吕蒙,呂蒙
644,伦直,倫直
645,泠苞,冷苞
646,楼玄,樓玄
647,鲁肃,魯肅
648,鲁淑,魯淑
649,卢植,盧植
